1.00,2.00,3.00,4.00,5.00,6.00,7.00,8.00,9.00,10.00,11.00
,,,,,,,,,,
0.00,0.00,0.00,0.00,0.00,0.00,0.00,0.00,0.00,0.00,0.00
0.00,0.00,0.00,0.00,0.00,0.00,0.00,0.00,0.00,0.00,0.00
0.00,0.00,0.00,0.00,0.00,0.00,0.00,0.00,0.00,0.00,0.00
0.00,0.00,0.00,0.00,0.00,0.00,0.00,0.00,0.00,0.00,0.00
0.00,0.00,0.00,0.00,0.00,0.00,0.00,0.00,0.00,0.00,0.00
0.00,0.00,0.00,0.00,0.00,0.00,0.00,0.00,0.00,0.00,0.00
0.00,0.00,0.00,0.00,0.00,0.00,0.00,0.00,0.00,0.00,0.00
0.00,0.00,0.00,0.00,0.00,0.00,0.00,0.00,0.00,0.00,0.00
0.00,0.00,0.00,0.00,0.00,0.00,0.00,0.00,0.00,0.00,0.00
0.00,0.00,0.00,0.00,0.00,0.00,0.00,0.00,0.00,0.00,0.00
0.00,0.00,0.00,0.00,0.00,0.00,0.00,0.00,0.00,0.00,0.00
0.00,0.00,0.00,0.00,0.00,0.00,0.00,0.00,0.00,0.00,0.00
0.00,0.00,0.00,0.00,0.00,0.00,0.00,0.00,0.00,0.00,0.00
0.00,0.00,0.00,0.00,0.00,0.00,0.00,0.00,0.00,0.00,0.00
0.00,0.00,0.00,0.00,0.00,0.00,0.00,0.00,0.00,0.00,0.00
0.00,0.00,0.00,0.00,0.00,0.00,0.00,0.00,0.00,0.00,0.00
0.00,0.00,0.00,0.00,0.00,0.00,0.00,0.00,0.00,0.00,0.00
0.00,0.00,0.00,0.00,0.00,0.00,0.00,0.00,0.00,0.00,0.00
0.00,0.00,0.00,0.00,0.00,0.00,0.00,0.00,0.00,0.00,0.00
0.00,0.00,0.00,0.00,0.00,0.00,0.00,0.00,0.00,0.00,0.00
0.00,0.00,0.00,0.00,0.00,0.00,0.00,0.00,0.00,0.00,0.00
0.00,0.00,0.00,0.00,0.00,0.00,0.00,0.00,0.00,0.00,0.00
0.00,0.00,0.00,0.00,0.00,0.00,0.00,0.00,0.00,0.00,0.00
0.00,0.00,0.00,0.00,0.00,0.00,0.00,0.00,0.00,0.00,0.00
0.00,0.00,0.00,0.00,0.00,0.00,0.00,0.00,0.00,0.00,0.00
0.00,0.00,0.00,0.00,0.00,0.00,0.00,0.00,0.00,0.00,0.00
0.00,0.00,0.00,0.00,0.00,0.00,0.00,0.00,0.00,0.00,0.00
0.00,0.00,0.00,0.00,0.00,0.00,0.00,0.00,0.00,0.00,0.00
0.00,0.00,0.00,0.00,0.00,0.00,0.00,0.00,0.00,0.00,0.00
0.00,0.00,0.00,0.00,0.00,0.00,0.00,0.00,0.00,0.00,0.00
0.00,0.00,0.00,0.00,0.00,0.00,0.00,0.00,0.00,0.00,0.00
0.00,0.00,0.00,0.00,0.00,0.00,0.00,0.00,0.00,0.00,0.00
0.00,0.00,0.00,0.00,0.00,0.00,0.00,0.00,0.00,0.00,0.00
0.00,0.00,0.00,0.00,0.00,0.00,0.00,0.00,0.00,0.00,0.00
0.00,0.00,0.00,0.00,0.00,0.00,0.00,0.00,0.00,0.00,0.00
0.00,0.00,0.00,0.00,0.00,0.00,0.00,0.00,0.00,0.00,0.00
0.00,0.00,0.00,0.00,0.00,0.00,0.00,0.00,0.00,0.00,0.00
0.00,0.00,0.00,0.00,0.00,0.00,0.00,0.00,0.00,0.00,0.00
0.00,0.00,0.00,0.00,0.00,0.00,0.00,0.00,0.00,0.00,0.00
0.00,0.00,0.00,0.00,0.00,0.00,0.00,0.00,0.00,0.00,0.00
0.00,0.00,0.00,0.00,0.00,0.00,0.00,0.00,0.00,0.00,0.00
0.00,0.00,0.00,0.00,0.00,0.00,0.00,0.00,0.00,0.00,0.00
0.00,0.00,0.00,0.00,0.00,0.00,0.00,0.00,0.00,0.00,4.08
0.00,0.00,0.00,0.00,0.00,0.00,0.00,0.00,0.00,0.00,10.43
0.00,0.00,0.00,0.00,0.00,0.00,0.00,0.00,0.00,0.00,10.53
0.00,0.00,0.00,0.00,0.00,0.00,0.00,0.00,0.00,0.00,10.48
0.00,0.00,0.00,0.00,0.00,0.00,0.00,0.00,0.00,0.00,0.9
0.00,0.00,0.00,0.00,0.00,0.00,0.00,0.00,0.00,0.00,2.7
0.00,0.00,0.00,0.00,0.00,0.00,0.00,0.00,0.00,0.00,0.82
0.00,0.00,0.00,0.00,0.00,0.00,0.00,0.00,0.00,0.00,0
0.00,0.00,0.00,0.00,0.00,0.00,0.00,0.00,0.00,0.00,3.2
0.00,0.00,0.00,0.00,0.00,0.00,0.00,0.00,0.00,0.00,13.88
0.00,0.00,0.00,0.00,0.00,0.00,0.00,0.00,0.00,0.00,1.85
0.00,0.00,0.00,0.00,0.00,0.00,0.00,0.00,0.00,0.00,0
0.00,0.00,0.00,0.00,0.00,0.00,0.00,0.00,0.00,0.00,1.02
0.00,0.00,0.00,0.00,0.00,0.00,0.00,0.00,0.00,0.00,NULL
0.00,0.00,0.00,0.00,0.00,0.00,0.00,0.00,0.00,0.00,12.38
0.00,0.00,0.00,0.00,0.00,0.00,0.00,0.00,0.00,0.00,43.53
0.00,0.00,0.00,0.00,0.00,0.00,0.00,0.00,0.00,0.00,0
0.00,0.00,0.00,0.00,0.00,0.00,0.00,0.00,0.00,5.67,40.13
0.00,0.00,0.00,0.00,0.00,0.00,0.00,0.00,0.00,0,0
0.00,0.00,0.00,0.00,0.00,0.00,0.00,0.00,0.00,29.03,53.03
0.00,0.00,0.00,0.00,0.00,0.00,0.00,0.00,0.00,109.28,101.48
0.00,0.00,0.00,0.00,0.00,0.00,0.00,0.00,1.28,16.05,31.83
0.00,0.00,0.00,0.00,0.00,0.00,0.00,0.00,14.65,90.95,92.12
0.00,0.00,0.00,0.00,0.00,0.00,0.00,0.00,108.07,60.13,73.7
0.00,0.00,0.00,0.00,0.00,0.00,0.00,0.00,11.03,43.6,19.9
0.00,0.00,0.00,0.00,0.00,0.00,0.00,21.17,108.9,22.02,2.4
0.00,0.00,0.00,0.00,0.00,0.00,0.00,NULL,3.68,0,0
0.00,0.00,0.00,0.00,0.00,0.00,0.00,0,19.63,47.03,56.23
0.00,0.00,0.00,0.00,0.00,0.00,0.00,2.48,63.22,68.85,69.2
0.00,0.00,0.00,0.00,0.00,0.00,0.00,8.52,51.93,95.32,57.97
0.00,0.00,0.00,0.00,0.00,0.00,0.00,10.48,70.55,52.58,50.13
0.00,0.00,0.00,0.00,0.00,0.00,0.00,3.23,29,29.1,26.68
0.00,0.00,0.00,0.00,0.00,0.00,0.00,0,15.88,0,0.42
0.00,0.00,0.00,0.00,0.00,0.00,0.00,11.98,26.37,29.03,13.93
0.00,0.00,0.00,0.00,0.00,0.00,0.00,0,24.87,1.23,0
0.00,0.00,0.00,0.00,0.00,0.00,0.00,0,31.23,1,0
0.00,0.00,0.00,0.00,0.00,0.00,0.00,12.6,2.58,0,5.55
0.00,0.00,0.00,0.00,0.00,0.00,0.00,15.02,89.57,51.93,41.38
0.00,0.00,0.00,0.00,0.00,0.00,0.00,60.28,118.02,103.1,75.4
0.00,0.00,0.00,0.00,0.00,0.00,0.00,24.95,25.2,37,23.95
0.00,0.00,0.00,0.00,0.00,0.00,0.00,31.28,80.5,70.6,45.37
0.00,0.00,0.00,0.00,0.00,0.00,0.00,6.42,8.08,5.95,4.92
0.00,0.00,0.00,0.00,0.00,0.00,0.00,42.12,114.33,57.9,43.57
0.00,0.00,0.00,0.00,0.00,0.00,0.00,8.47,12.78,4.33,13.02
0.00,0.00,0.00,0.00,0.00,0.00,0.00,28.4,34.07,29.95,36.68
0.00,0.00,0.00,0.00,0.00,0.00,0.00,81.23,405.88,167.22,0.55
0.00,0.00,0.00,0.00,0.00,0.00,0.00,34.98,47.78,37.55,55.08
0.00,0.00,0.00,0.00,0.00,0.00,0.00,31.63,98.85,65.08,42.85
0.00,0.00,0.00,0.00,0.00,0.00,0.00,47.5,72.8,64.4,58.83
0.00,0.00,0.00,0.00,0.00,0.00,0.00,23.77,84.45,30.52,31.77
0.00,0.00,0.00,0.00,0.00,0.00,0.00,45.12,95.78,44.07,31.83
0.00,0.00,0.00,0.00,0.00,0.00,0.00,38.32,88.75,64.6,40.48
0.00,0.00,0.00,0.00,0.00,0.00,0.00,0,8.95,0,0
0.00,0.00,0.00,0.00,0.00,0.00,0.00,35.57,48.37,51.82,33.37
0.00,0.00,0.00,0.00,0.00,0.00,0.00,103.35,87.23,128.23,104.98
0.00,0.00,0.00,0.00,0.00,0.00,0.00,31.4,51.2,48.77,51.83
0.00,0.00,0.00,0.00,0.00,0.00,0.00,32.38,78.48,59.3,39.83
0.00,0.00,0.00,0.00,0.00,0.00,0.00,39.92,95.85,62.58,51.1
0.00,0.00,0.00,0.00,0.00,0.00,0.00,64.1,0.32,0,0
0.00,0.00,0.00,0.00,0.00,0.00,NULL,72.83,121.93,102.92,77.72
0.00,0.00,0.00,0.00,0.00,0.00,NULL,3.55,56.63,3.63,6.98
0.00,0.00,0.00,0.00,0.00,0.00,NULL,97.35,137.08,115.17,79.43
0.00,0.00,0.00,0.00,0.00,0.00,NULL,57.98,98.47,93.63,11.63
0.00,0.00,0.00,0.00,0.00,0.00,NULL,80.08,67.3,66.25,40.03
0.00,0.00,0.00,0.00,0.00,0.00,NULL,93.57,80.77,92.25,104.28
0.00,0.00,0.00,0.00,0.00,0.00,NULL,37.55,101.2,41.65,0
0.00,0.00,0.00,0.00,0.00,0.00,NULL,28.03,86.13,70.67,36.4
0.00,0.00,0.00,0.00,0.00,0.00,NULL,49.85,79.42,77.65,50.5
0.00,0.00,0.00,0.00,0.00,0.00,NULL,103.38,124.72,109.05,74.28
0.00,0.00,0.00,0.00,0.00,0.00,NULL,32.38,44.75,50.55,41.92
0.00,0.00,0.00,0.00,0.00,0.00,NULL,92.55,104.82,101.43,103.63
0.00,0.00,0.00,0.00,0.00,0.00,NULL,120.67,40.17,55.05,140.77
0.00,0.00,0.00,0.00,0.00,0.00,NULL,91.08,85.48,107.4,86.5
0.00,0.00,0.00,0.00,0.00,0.00,NULL,43.08,41.57,34.18,7.18
0.00,0.00,0.00,0.00,0.00,0.00,NULL,38.68,43.8,48.48,49.37
0.00,0.00,0.00,0.00,0.00,0.00,NULL,50.47,49.92,50.25,50.93
0.00,0.00,0.00,0.00,0.00,0.00,NULL,50.78,80.43,117.48,80
0.00,0.00,0.00,0.00,0.00,0.00,NULL,0,30.07,15.2,22.93
0.00,0.00,0.00,0.00,0.00,0.00,NULL,17.43,34.42,50.57,16.5
0.00,0.00,0.00,0.00,0.00,0.00,NULL,25.03,30.3,39.5,36.05
0.00,0.00,0.00,0.00,0.00,0.00,NULL,20.25,23.43,23.67,16.4
0.00,0.00,0.00,0.00,0.00,0.00,NULL,100.32,83.43,103.5,88.38
0.00,0.00,0.00,0.00,0.00,0.00,NULL,44.82,63.05,81.25,55.07
0.00,0.00,0.00,0.00,0.00,0.00,NULL,48.73,113.05,65.27,34.82
0.00,0.00,0.00,0.00,0.00,0.00,NULL,18.1,38.15,47.05,31.27
0.00,0.00,0.00,0.00,0.00,0.00,NULL,37.02,34.97,44.5,37.88
0.00,0.00,0.00,0.00,0.00,0.00,NULL,33.97,26,52.07,14.05
0.00,0.00,0.00,0.00,0.00,0.00,NULL,60.73,64.58,64.57,62.93
0.00,0.00,0.00,0.00,0.00,0.00,NULL,1.57,0,0,0
0.00,0.00,0.00,0.00,0.00,0.00,NULL,63.82,70.92,90.55,51.12
0.00,0.00,0.00,0.00,0.00,0.00,NULL,51.6,110.92,55.83,43.77
0.00,0.00,0.00,0.00,0.00,0.00,NULL,46.15,50.6,62.12,58.6
0.00,0.00,0.00,0.00,0.00,0.00,NULL,99.43,100.37,105.8,98.78
0.00,0.00,0.00,0.00,0.00,0.00,NULL,30.75,115.62,36.18,28.32
0.00,0.00,0.00,0.00,0.00,0.00,NULL,153.05,117.45,170.3,121.2
0.00,0.00,0.00,0.00,0.00,0.00,NULL,81.33,40.23,66.12,71.75
0.00,0.00,0.00,0.00,0.00,0.00,NULL,39.85,112.98,54.73,41.68
0.00,0.00,0.00,0.00,0.00,0.00,NULL,86.77,102.12,115.47,117.15
0.00,0.00,0.00,0.00,0.00,0.00,NULL,44.82,48.4,41.2,43.1
0.00,0.00,0.00,0.00,0.00,0.00,NULL,101.48,108.22,104.07,90.15
0.00,0.00,0.00,0.00,0.00,0.00,NULL,35.13,41.07,70.15,26.58
0.00,0.00,0.00,0.00,0.00,0.00,NULL,80.38,2.18,138.07,154.28
0.00,0.00,0.00,0.00,0.00,0.00,NULL,59.58,77.65,38.38,34.37
0.00,0.00,0.00,0.00,0.00,0.00,NULL,0,0.77,0,0.87
0.00,0.00,0.00,0.00,0.00,0.00,NULL,95.28,119.67,113.05,132.23
0.00,0.00,0.00,0.00,0.00,0.00,NULL,38.63,40.3,27.37,39
0.00,0.00,0.00,0.00,0.00,0.00,NULL,56.13,63.53,74.65,59.18
0.00,0.00,0.00,0.00,0.00,0.00,NULL,59.98,70.23,52.47,45.97
0.00,0.00,0.00,0.00,0.00,0.00,NULL,62.03,0.5,0,0
0.00,0.00,0.00,0.00,0.00,0.00,NULL,0,0,0,0
0.00,0.00,0.00,0.00,0.00,0.00,NULL,81.67,122.87,97.72,88.1
0.00,0.00,0.00,0.00,0.00,0.00,NULL,55.02,83.63,52.65,42
0.00,0.00,0.00,0.00,0.00,0.00,NULL,63.98,34.18,41.75,42.07
0.00,0.00,0.00,0.00,0.00,0.00,NULL,128.68,131.02,132,154.47
0.00,0.00,0.00,0.00,0.00,0.00,NULL,37.77,94.55,111.65,108
0.00,0.00,0.00,0.00,0.00,0.00,NULL,49.47,98.82,52.9,51.22
0.00,0.00,0.00,0.00,0.00,0.00,NULL,0,0,76.93,183.47
0.00,0.00,0.00,0.00,0.00,0.00,NULL,42.7,62.7,108.15,82.47
0.00,0.00,0.00,0.00,0.00,0.00,NULL,91.57,54.33,101.95,92.7
0.00,0.00,0.00,0.00,0.00,0.00,NULL,104.72,84.92,116.55,112.33
0.00,0.00,0.00,0.00,0.00,0.00,NULL,150.62,145.2,175.43,171.97
0.00,0.00,0.00,0.00,0.00,0.00,NULL,125.17,132.33,139.25,114
0.00,0.00,0.00,0.00,0.00,0.00,NULL,77.82,100.08,119.65,103.72
0.00,0.00,0.00,0.00,0.00,0.00,NULL,106.18,83.58,106.48,129.55
0.00,0.00,0.00,0.00,0.00,0.00,NULL,131.62,149.13,172.6,140.68
0.00,0.00,0.00,0.00,0.00,0.00,NULL,178.08,188.4,185,113.32
0.00,0.00,0.00,0.00,0.00,0.00,NULL,109.6,111.82,81.93,64.93
0.00,0.00,0.00,0.00,0.00,0.00,NULL,115.28,144.52,156.87,123.43
0.00,0.00,0.00,0.00,0.00,0.00,NULL,149.87,113.43,171.58,157.65
0.00,0.00,0.00,0.00,0.00,0.00,NULL,117.78,64.08,120.62,109.83
0.00,0.00,0.00,0.00,0.00,0.00,NULL,146.82,154.75,160.63,140.6
0.00,0.00,0.00,0.00,0.00,0.00,NULL,37.15,56.12,30.6,30.47
0.00,0.00,0.00,0.00,0.00,0.00,NULL,87.52,119,87.63,78.92
0.00,0.00,0.00,0.00,0.00,0.00,NULL,87.52,120.77,11.93,1.03
0.00,0.00,0.00,0.00,0.00,0.00,NULL,0,3.12,0.3,1.53
0.00,0.00,0.00,0.00,0.00,0.00,NULL,19.65,13.22,22.27,0.75
0.00,0.00,0.00,0.00,0.00,0.00,NULL,27.97,58.6,39.48,34.4
0.00,0.00,0.00,0.00,0.00,0.00,NULL,67.27,50.8,78.58,71.67
0.00,0.00,0.00,0.00,0.00,0.00,NULL,10.55,9.05,9.23,12.78
0.00,0.00,0.00,0.00,0.00,0.00,NULL,55.45,49.22,57.13,43.12
0.00,0.00,0.00,0.00,0.00,0.00,NULL,12.28,0,3.95,11.62
0.00,0.00,0.00,0.00,0.00,0.00,NULL,23.73,52,29.22,36.18
0.00,0.00,0.00,0.00,0.00,0.00,NULL,35,56.23,36.78,16.53
0.00,0.00,0.00,0.00,0.00,0.00,NULL,20.17,14.23,23.43,21.62
0.00,0.00,0.00,0.00,0.00,0.00,NULL,51.08,78.27,65.62,48.3
0.00,0.00,0.00,0.00,0.00,0.00,NULL,53.13,42.08,51.85,41.47
0.00,0.00,0.00,0.00,0.00,0.00,NULL,20.9,22.75,18,24.98
0.00,0.00,0.00,0.00,0.00,0.00,NULL,14.23,10.25,26.02,16.12
0.00,0.00,0.00,0.00,0.00,0.00,NULL,89.57,135.73,129.97,114.98
0.00,0.00,0.00,0.00,0.00,0.00,NULL,0,2.25,7.52,3.82
0.00,0.00,0.00,0.00,0.00,0.00,NULL,51.93,30.13,76.92,37.37
0.00,0.00,0.00,0.00,0.00,0.00,NULL,35.5,48.87,37.37,34.97
0.00,0.00,0.00,0.00,0.00,0.00,NULL,63.93,52.93,54.4,44.72
0.00,0.00,0.00,0.00,0.00,0.00,NULL,110.67,61.6,137.25,113.17
0.00,0.00,0.00,0.00,0.00,0.00,NULL,83.72,85.57,86.95,74.37
0.00,0.00,0.00,0.00,0.00,0.00,NULL,60.3,51.28,55.37,41.52
0.00,0.00,0.00,0.00,0.00,0.00,NULL,52.33,65.18,45.28,0.62
0.00,0.00,0.00,0.00,0.00,0.00,NULL,107.88,86.93,118.78,96.42
0.00,0.00,0.00,0.00,0.00,0.00,NULL,64.72,74.8,87.33,57.05
0.00,0.00,0.00,0.00,0.00,0.00,NULL,71.67,103.68,92.93,70.98
0.00,0.00,0.00,0.00,0.00,0.00,NULL,64.32,79.15,85.6,84
0.00,0.00,0.00,0.00,0.00,0.00,NULL,24.57,32.48,30.37,18.85
0.00,0.00,0.00,0.00,0.00,0.00,NULL,0,32.82,31.2,4.68
0.00,0.00,0.00,0.00,0.00,0.00,NULL,22.13,27.22,0,0
0.00,0.00,0.00,0.00,0.00,0.00,NULL,44.75,39.27,43.68,50.38
0.00,0.00,0.00,0.00,0.00,0.00,NULL,48.88,35.82,35.22,40.52
0.00,0.00,0.00,0.00,0.00,0.00,NULL,94.13,76.82,96,95.55
0.00,0.00,0.00,0.00,0.00,0.00,NULL,87.97,158.87,128.85,112.67
0.00,0.00,0.00,0.00,0.00,0.00,NULL,19.67,21.75,46.67,23.42
0.00,0.00,0.00,0.00,0.00,0.00,NULL,0,31.4,37.68,39.27
0.00,0.00,0.00,0.00,0.00,0.00,NULL,81.52,66.28,84.82,88.92
0.00,0.00,0.00,0.00,0.00,0.00,NULL,69.63,91.42,123.48,144.52
0.00,0.00,0.00,0.00,0.00,0.00,NULL,128.43,104.6,141.25,110.9
0.00,0.00,0.00,0.00,0.00,0.00,NULL,72.23,72.72,55.25,64.58
0.00,0.00,0.00,0.00,0.00,0.00,NULL,76.38,64.77,67.42,67.07
0.00,0.00,0.00,0.00,0.00,0.00,NULL,30.48,54.63,25.35,24.93
0.00,0.00,0.00,0.00,0.00,0.00,NULL,89.9,103.57,103.78,68.92
0.00,0.00,0.00,0.00,0.00,0.00,NULL,90.83,113.43,108.52,44.3
0.00,0.00,0.00,0.00,0.00,0.00,NULL,36.58,51.8,47.78,35.15
0.00,0.00,0.00,0.00,0.00,0.00,NULL,78,104.67,95.62,102.93
0.00,0.00,0.00,0.00,0.00,0.00,NULL,119.5,113.85,114.35,91.12
0.00,0.00,0.00,0.00,0.00,0.00,NULL,107.55,121.82,98.2,99.88
0.00,0.00,0.00,0.00,0.00,0.00,NULL,0,92.93,11,49.38
0.00,0.00,0.00,0.00,0.00,0.00,NULL,47.67,55.55,43.98,36.08
0.00,0.00,0.00,0.00,0.00,0.00,NULL,34.82,44.68,50.18,56.57
0.00,0.00,0.00,0.00,0.00,0.00,NULL,120.2,81.57,118.68,90.28
0.00,0.00,0.00,0.00,0.00,0.00,NULL,12.08,27.85,19.58,21.97
0.00,0.00,0.00,0.00,0.00,0.00,NULL,84.43,73.27,75,58.3
0.00,0.00,0.00,0.00,0.00,0.00,NULL,27.5,31.48,38.75,16.73
0.00,0.00,0.00,0.00,0.00,0.00,NULL,48.55,94.53,42.87,54.13
0.00,0.00,0.00,0.00,0.00,0.00,NULL,82.35,73.65,90.65,94.47
0.00,0.00,0.00,0.00,0.00,0.00,NULL,74.23,80.35,62.25,61.45
0.00,0.00,0.00,0.00,0.00,0.00,NULL,64.15,71,57.37,58.7
0.00,0.00,0.00,0.00,0.00,0.00,NULL,51.73,62.45,39.18,41.25
0.00,0.00,0.00,0.00,0.00,0.00,NULL,37.88,38.82,41.8,37.57
0.00,0.00,0.00,0.00,0.00,0.00,NULL,45.52,60.25,51.97,31.83
0.00,0.00,0.00,0.00,0.00,0.00,NULL,0,0,0,0
0.00,0.00,0.00,0.00,0.00,0.00,NULL,8.47,33.08,4.7,23.78
0.00,0.00,0.00,0.00,0.00,0.00,NULL,71.93,52.27,69.7,69.97
0.00,0.00,0.00,0.00,0.00,0.00,NULL,16.68,12.22,31.02,14.2
0.00,0.00,0.00,0.00,0.00,0.00,NULL,69.32,102.08,86.12,89.33
0.00,0.00,0.00,0.00,0.00,0.00,NULL,74.9,73.78,60.82,63.17
0.00,0.00,0.00,0.00,0.00,0.00,NULL,9.43,15.22,36.72,44.13
0.00,0.00,0.00,0.00,0.00,0.00,NULL,10.68,29.87,27.82,12.13
0.00,0.00,0.00,0.00,0.00,0.00,NULL,5.93,0,3.87,27.92
0.00,0.00,0.00,0.00,0.00,0.00,NULL,8.52,0,2.73,22.82
0.00,0.00,0.00,0.00,0.00,0.00,NULL,46.9,67.9,56.43,30.53
0.00,0.00,0.00,0.00,0.00,0.00,NULL,72.2,104.78,77.23,48.25
0.00,0.00,0.00,0.00,0.00,0.00,NULL,35.88,41.42,42.83,39.07
0.00,0.00,0.00,0.00,0.00,0.00,NULL,8.65,21.03,12.3,9
0.00,0.00,0.00,0.00,0.00,0.00,NULL,85.57,71.58,45.77,42.5
0.00,0.00,0.00,0.00,0.00,0.00,NULL,46.12,49.05,52.08,50.5
0.00,0.00,0.00,0.00,0.00,0.00,NULL,78.6,142.72,87.23,55.98
0.00,0.00,0.00,0.00,0.00,0.00,NULL,7.8,18.13,1.8,7.83
0.00,0.00,0.00,0.00,0.00,0.00,NULL,26.22,33.65,29.75,24.6
0.00,0.00,0.00,0.00,0.00,0.00,NULL,31.52,93.4,37.18,54.33
0.00,0.00,0.00,0.00,0.00,0.00,NULL,7.43,26.83,6.13,7.15
0.00,0.00,0.00,0.00,0.00,0.00,NULL,20.72,10.25,0,0
0.00,0.00,0.00,0.00,0.00,0.00,NULL,20.77,34.05,34.7,41.53
0.00,0.00,0.00,0.00,0.00,0.00,NULL,35.82,24.85,11.2,23.55
0.00,0.00,0.00,0.00,0.00,0.00,NULL,60.37,63.87,71.73,57.9
0.00,0.00,0.00,0.00,0.00,0.00,NULL,48.63,34.33,41.05,52.43
0.00,0.00,0.00,0.00,0.00,0.00,NULL,1.3,18.93,21.32,15.03
0.00,0.00,0.00,0.00,0.00,0.00,NULL,45.42,49.52,46.37,40.73
0.00,0.00,0.00,0.00,0.00,0.00,NULL,8.98,25.5,25.8,10.1
0.00,0.00,0.00,0.00,0.00,0.00,NULL,28.23,38.37,28.75,23.9
0.00,0.00,0.00,0.00,0.00,0.00,NULL,57.23,45.57,37.95,41.1
0.00,0.00,0.00,0.00,0.00,0.00,NULL,53,77.95,46.73,55.07
0.00,0.00,0.00,0.00,0.00,0.00,NULL,61.77,45.42,31.43,35.62
0.00,0.00,0.00,0.00,0.00,0.00,NULL,82.08,120.8,84.83,69.33
0.00,0.00,0.00,0.00,0.00,0.00,NULL,0.1,16.9,50.25,0.18
0.00,0.00,0.00,0.00,0.00,0.00,NULL,64.75,48.17,40.62,45.65
0.00,0.00,0.00,0.00,0.00,0.00,NULL,61.88,26.55,71.23,78.42
0.00,0.00,0.00,0.00,0.00,0.00,NULL,20.7,47.87,18.15,40
0.00,0.00,0.00,0.00,0.00,0.00,NULL,81.22,72.52,89.23,71.67
0.00,0.00,0.00,0.00,0.00,0.00,NULL,40.75,67.32,55.37,52
0.00,0.00,0.00,0.00,0.00,0.00,NULL,51.02,82.17,49.9,0
0.00,0.00,0.00,0.00,0.00,0.00,NULL,63.37,64.37,56.15,66.05
0.00,0.00,0.00,0.00,0.00,0.00,NULL,54.07,66.48,57.87,36.9
0.00,0.00,0.00,0.00,0.00,0.00,NULL,77.73,85.47,63.97,65.47
0.00,0.00,0.00,0.00,0.00,0.00,NULL,40.48,29.18,61.12,24.7
0.00,0.00,0.00,0.00,0.00,0.00,NULL,81.53,63.82,65.15,55.37
0.00,0.00,0.00,0.00,0.00,0.00,NULL,45.68,62.23,42.4,57.53
0.00,0.00,0.00,0.00,0.00,0.00,NULL,60.32,62.95,80.32,73.27
0.00,0.00,0.00,0.00,0.00,0.00,NULL,69.32,34.02,65.93,61.38
0.00,0.00,0.00,0.00,0.00,0.00,NULL,61.03,61.75,65.03,100.5
0.00,0.00,0.00,0.00,0.00,0.00,NULL,48.43,60.95,130.7,90.73
0.00,0.00,0.00,0.00,0.00,0.00,NULL,429.62,72.35,66.05,65.58
0.00,0.00,0.00,0.00,0.00,0.00,NULL,65.08,104.38,68.95,54.03
0.00,0.00,0.00,0.00,0.00,0.00,NULL,54.28,65.42,69.3,73.05
0.00,0.00,0.00,0.00,0.00,0.00,NULL,30.85,113.05,72.9,60.67
0.00,0.00,0.00,0.00,0.00,0.00,NULL,69.17,68.87,62.48,34.35
0.00,0.00,0.00,0.00,0.00,0.00,NULL,27.22,44.42,58.12,94.05
0.00,0.00,0.00,0.00,0.00,0.00,NULL,57.43,23.03,91.22,42.12
0.00,0.00,0.00,0.00,0.00,0.00,NULL,38.93,61.35,47.4,30.12
0.00,0.00,0.00,0.00,0.00,0.00,NULL,78.87,93.17,76.45,65.58
0.00,0.00,0.00,0.00,0.00,0.00,NULL,112.05,99.77,112.87,71.45
0.00,0.00,0.00,0.00,0.00,0.00,NULL,55.33,55.78,14.62,34.75
0.00,0.00,0.00,0.00,0.00,0.00,NULL,NULL,NULL,NULL,45.98
0.00,0.00,0.00,0.00,0.00,0.00,NULL,95.37,110.77,46.93,114.22
0.00,0.00,0.00,0.00,0.00,0.00,NULL,35.83,39.6,44.98,51.1
0.00,0.00,0.00,0.00,0.00,0.00,NULL,4.87,41.27,0,4.53
0.00,0.00,0.00,0.00,0.00,0.00,NULL,11.12,29.53,25.18,5.5
0.00,0.00,0.00,0.00,0.00,0.00,NULL,13.7,26.7,13.1,16.72
0.00,0.00,0.00,0.00,0.00,0.00,NULL,79.43,92.57,82.73,76.32
0.00,0.00,0.00,0.00,0.00,0.00,NULL,35.95,27,30.78,40.57
0.00,0.00,0.00,0.00,0.00,0.00,NULL,13.12,27.75,24.43,15.9
0.00,0.00,0.00,0.00,0.00,0.00,NULL,47.63,34.33,33.53,38.25
0.00,0.00,0.00,0.00,0.00,0.00,NULL,73.13,66.62,74.9,38.8
0.00,0.00,0.00,0.00,0.00,0.00,NULL,64.82,103.5,89.7,71.12
0.00,0.00,0.00,0.00,0.00,0.00,NULL,15.57,25.23,16.07,14.4
0.00,0.00,0.00,0.00,0.00,0.00,NULL,69.83,55.55,61.85,57.8
0.00,0.00,0.00,0.00,0.00,0.00,NULL,89.28,141.65,94.27,61.1
0.00,0.00,0.00,0.00,0.00,0.00,NULL,41.62,42.55,8.6,3.93
0.00,0.00,0.00,0.00,0.00,0.00,NULL,19.72,34.4,22.83,10.78
0.00,0.00,0.00,0.00,0.00,0.00,NULL,4.13,74.75,21.28,12.03
0.00,0.00,0.00,0.00,0.00,0.00,NULL,98.62,63.65,85.5,79.08
0.00,0.00,0.00,0.00,0.00,0.00,NULL,15.63,25.85,14.42,4.42
0.00,0.00,0.00,0.00,0.00,0.00,NULL,52.15,79.38,57.35,51.65
0.00,0.00,0.00,0.00,0.00,0.00,NULL,28.23,43.33,37.32,42.85
0.00,0.00,0.00,0.00,0.00,0.00,NULL,9.5,21.52,23.07,14.82
0.00,0.00,0.00,0.00,0.00,0.00,NULL,61.18,88.7,99.9,49.32
0.00,0.00,0.00,0.00,0.00,0.00,NULL,62.08,86.12,75.62,50.98
0.00,0.00,0.00,0.00,0.00,0.00,NULL,15.92,30.02,17.92,16.32
0.00,0.00,0.00,0.00,0.00,0.00,NULL,86.67,108.37,81.37,75.42
0.00,0.00,0.00,0.00,0.00,0.00,NULL,24.35,32.13,34.93,37.6
0.00,0.00,0.00,0.00,0.00,0.00,NULL,89.4,78.35,96.25,98.53
0.00,0.00,0.00,0.00,0.00,0.00,NULL,78.35,91.5,95.22,95.18
0.00,0.00,0.00,0.00,0.00,0.00,NULL,20.57,13.67,14.7,20.28
0.00,0.00,0.00,0.00,0.00,0.00,NULL,38.27,71.8,59.08,36.47
0.00,0.00,0.00,0.00,0.00,0.00,NULL,49.17,73.43,52.8,37.97
0.00,0.00,0.00,0.00,0.00,NULL,NULL,111.7,93.9,68.92,127.8
0.00,0.00,0.00,0.00,0.00,NULL,NULL,62.97,73.18,71.72,39.43
0.00,0.00,0.00,0.00,0.00,NULL,NULL,1.33,121.52,112.88,73.3
0.00,0.00,0.00,0.00,0.00,NULL,NULL,47.78,80.43,73.08,68.3
0.00,0.00,0.00,0.00,0.00,NULL,NULL,49.75,67.1,59.93,53.12
0.00,0.00,0.00,0.00,0.00,NULL,NULL,39.73,117.4,76.18,68.77
0.00,0.00,0.00,0.00,0.00,NULL,NULL,34.13,36.88,39.57,29.68
0.00,0.00,0.00,0.00,0.00,NULL,NULL,51.35,77.73,79.65,68.53
0.00,0.00,0.00,0.00,0.00,NULL,NULL,49.17,80.08,41.17,0
0.00,0.00,0.00,0.00,0.00,NULL,NULL,33.17,46.73,49.55,21.2
0.00,0.00,0.00,0.00,0.00,NULL,NULL,90.73,97.25,102.07,74.3
0.00,0.00,0.00,0.00,0.00,NULL,NULL,92.6,111.53,102.07,53.62
0.00,0.00,0.00,0.00,0.00,NULL,NULL,149.95,115.22,192.88,122.9
0.00,0.00,0.00,0.00,0.00,NULL,NULL,124.22,124.82,115.4,110.07
0.00,0.00,0.00,0.00,0.00,NULL,NULL,48.55,43.9,26,56.07
0.00,0.00,0.00,0.00,0.00,NULL,NULL,51.42,80.03,52.65,47.88
0.00,0.00,0.00,0.00,0.00,NULL,NULL,10.88,12.13,19.35,7.2
0.00,0.00,0.00,0.00,0.00,NULL,NULL,17.02,21.08,12.18,15.37
0.00,0.00,0.00,0.00,0.00,NULL,NULL,37.5,12.87,0.77,0
0.00,0.00,0.00,0.00,0.00,NULL,NULL,9.33,63.47,13.65,18.85
0.00,0.00,0.00,0.00,0.00,NULL,NULL,79.7,90.38,88.35,28.23
0.00,0.00,0.00,0.00,0.00,NULL,NULL,79.32,61.35,105.67,91.3
0.00,0.00,0.00,0.00,0.00,NULL,NULL,22.4,28.63,25.85,15.68
0.00,0.00,0.00,0.00,0.00,NULL,NULL,9.65,13.62,20.6,12.98
0.00,0.00,0.00,0.00,0.00,NULL,NULL,3.65,20.12,14.7,2.2
0.00,0.00,0.00,0.00,0.00,NULL,NULL,13.48,23.98,26.73,19.1
0.00,0.00,0.00,0.00,0.00,NULL,NULL,33.1,46.4,56.1,48.9
0.00,0.00,0.00,0.00,0.00,NULL,NULL,39.03,61.53,76.43,43.98
0.00,0.00,0.00,0.00,0.00,NULL,NULL,11.33,20.28,10.57,11.22
0.00,0.00,0.00,0.00,0.00,NULL,NULL,55.18,61.17,81.77,37.28
0.00,0.00,0.00,0.00,0.00,NULL,NULL,39,66.28,49.97,49.48
0.00,0.00,0.00,0.00,0.00,NULL,NULL,11.08,26.57,31.4,19.1
0.00,0.00,0.00,0.00,0.00,NULL,NULL,55.63,58.28,68.83,64.97
0.00,0.00,0.00,0.00,0.00,NULL,NULL,12.37,25.18,9.47,10.32
0.00,0.00,0.00,0.00,0.00,NULL,NULL,19.68,31.6,15.62,17.47
0.00,0.00,0.00,0.00,0.00,NULL,NULL,69.25,40.05,0,0
0.00,0.00,0.00,0.00,0.00,NULL,NULL,4.78,4.37,5.93,9.67
0.00,0.00,0.00,0.00,0.00,NULL,NULL,53.17,55.68,77.13,67.2
0.00,0.00,0.00,0.00,0.00,NULL,NULL,47.53,51.62,51.07,1.93
0.00,0.00,0.00,0.00,0.00,NULL,NULL,7.03,16.47,14.3,5.75
0.00,0.00,0.00,0.00,0.00,NULL,NULL,19.37,44.9,45.88,25.58
0.00,0.00,0.00,0.00,0.00,NULL,NULL,7.48,14.02,17.5,19.15
0.00,0.00,0.00,0.00,0.00,NULL,NULL,30.02,60.5,60.18,26.6
0.00,0.00,0.00,0.00,0.00,NULL,NULL,0.42,0.12,0.12,4.43
0.00,0.00,0.00,0.00,0.00,NULL,NULL,56.95,35.27,69.62,57.73
0.00,0.00,0.00,0.00,0.00,NULL,NULL,10.2,25.02,8.18,8.07
0.00,0.00,0.00,0.00,0.00,NULL,NULL,49.53,76.8,46.2,42.3
0.00,0.00,0.00,0.00,0.00,NULL,NULL,26.25,38.6,23.1,17.27
0.00,0.00,0.00,0.00,0.00,NULL,NULL,36.58,46.98,58.98,55.55
0.00,0.00,0.00,0.00,0.00,NULL,NULL,10.35,16.52,14.07,18.22
0.00,0.00,0.00,0.00,0.00,NULL,NULL,26.1,16.68,0,0
0.00,0.00,0.00,0.00,0.00,NULL,NULL,58.93,75.92,50.15,48.07
0.00,0.00,0.00,0.00,0.00,NULL,NULL,23.9,75.1,21.23,28.62
0.00,0.00,0.00,0.00,0.00,NULL,NULL,32.68,44.03,36.98,40.22
0.00,0.00,0.00,0.00,0.00,NULL,NULL,14.12,21.48,16.58,11
0.00,0.00,0.00,0.00,0.00,NULL,NULL,38.63,93.9,73.28,53.55
0.00,0.00,0.00,0.00,0.00,NULL,NULL,11.42,32.37,6.85,22.22
0.00,0.00,0.00,0.00,0.00,NULL,NULL,20.57,35.88,46.52,24.32
0.00,0.00,0.00,0.00,0.00,NULL,NULL,7.67,24.42,8.65,6.92
0.00,0.00,0.00,0.00,0.00,NULL,NULL,74.63,85.93,63.57,62.13
0.00,0.00,0.00,0.00,0.00,NULL,NULL,64.28,93.42,76.92,44.93
0.00,0.00,0.00,0.00,0.00,NULL,NULL,92.27,133.8,102.57,105.93
0.00,0.00,0.00,0.00,0.00,NULL,NULL,61.37,27.18,86.62,67.08
0.00,0.00,0.00,0.00,0.00,NULL,NULL,23.57,85.72,47.33,43.07
0.00,0.00,0.00,0.00,0.00,NULL,NULL,27.03,50.1,38.75,38.8
0.00,0.00,0.00,0.00,0.00,NULL,NULL,43.92,71.43,32.48,38.57
0.00,0.00,0.00,0.00,0.00,NULL,NULL,35.93,75.18,46.6,57.18
0.00,0.00,0.00,0.00,0.00,NULL,NULL,34.42,63.45,36.8,36.75
0.00,0.00,0.00,0.00,0.00,NULL,NULL,16.73,23.95,18.65,8.45
0.00,0.00,0.00,0.00,0.00,NULL,NULL,34.23,75.27,45.87,40.05
0.00,0.00,0.00,0.00,0.00,NULL,NULL,57.8,108.33,77.12,40.38
0.00,0.00,0.00,0.00,0.00,NULL,NULL,76.23,116.52,91.08,64.38
0.00,0.00,0.00,0.00,0.00,NULL,NULL,39.75,110.18,111.88,70.77
0.00,0.00,0.00,0.00,0.00,NULL,NULL,49.03,42.08,49.62,49.18
0.00,0.00,0.00,0.00,0.00,NULL,NULL,25.87,89.12,32.67,0
0.00,0.00,0.00,0.00,0.00,NULL,NULL,10.48,1.9,1.88,40.03
0.00,0.00,0.00,0.00,0.00,NULL,NULL,19.15,65.73,44.32,20.67
0.00,0.00,0.00,0.00,0.00,NULL,NULL,33.78,62,40.23,43.18
0.00,0.00,0.00,0.00,0.00,NULL,NULL,0,0,0,0
0.00,0.00,0.00,0.00,0.00,NULL,NULL,2.65,78.87,83.3,76.38
0.00,0.00,0.00,0.00,0.00,NULL,NULL,67.07,51.52,55.02,25.93
0.00,0.00,0.00,0.00,0.00,NULL,NULL,46.08,88.2,67.7,46.07
0.00,0.00,0.00,0.00,0.00,NULL,NULL,33.93,32.3,71.92,45.17
0.00,0.00,0.00,0.00,0.00,NULL,NULL,68.05,95.75,88.47,54.18
0.00,0.00,0.00,0.00,0.00,NULL,NULL,52.3,106.13,73.57,64.45
0.00,0.00,0.00,0.00,0.00,NULL,NULL,70.98,41.75,0,0.4
0.00,0.00,0.00,0.00,0.00,NULL,NULL,47.92,67.7,39.13,72.53
0.00,0.00,0.00,0.00,0.00,NULL,NULL,34.67,47.37,34.28,31.08
0.00,0.00,0.00,0.00,0.00,NULL,NULL,61.92,0,0,0
0.00,0.00,0.00,0.00,0.00,NULL,NULL,74.05,65.63,71.65,55.17
0.00,0.00,0.00,0.00,0.00,NULL,NULL,NULL,NULL,NULL,NULL
0.00,0.00,0.00,0.00,0.00,NULL,NULL,NULL,NULL,NULL,NULL
0.00,0.00,0.00,0.00,0.00,NULL,NULL,64.87,65.92,53.23,46.92
0.00,0.00,0.00,0.00,0.00,NULL,NULL,23.13,37.67,15.2,9.27
0.00,0.00,0.00,0.00,0.00,NULL,NULL,26.12,24.27,23.82,9.1
0.00,0.00,0.00,0.00,0.00,NULL,NULL,16.22,39.88,13.43,10.95
0.00,0.00,0.00,0.00,0.00,NULL,NULL,51.03,63.32,58.82,32
0.00,0.00,0.00,0.00,0.00,NULL,NULL,30.83,52.07,93.33,80.07
0.00,0.00,0.00,0.00,0.00,NULL,NULL,27.22,48.02,33.93,31.37
0.00,0.00,0.00,0.00,0.00,NULL,NULL,19.68,59.15,0.02,0
0.00,0.00,0.00,0.00,0.00,NULL,NULL,41.63,116.33,42.47,36.18
0.00,0.00,0.00,0.00,0.00,NULL,NULL,69.47,82.02,93.88,52.67
0.00,0.00,0.00,0.00,0.00,NULL,NULL,16.03,53.38,63.48,15.9
0.00,0.00,0.00,0.00,0.00,NULL,NULL,33.4,53.4,25.85,28.08
0.00,0.00,0.00,0.00,0.00,NULL,NULL,14.03,0.02,1.23,33.57
0.00,0.00,0.00,0.00,0.00,NULL,NULL,0,26.45,46.98,27.92
0.00,0.00,0.00,0.00,0.00,NULL,NULL,65.43,143.17,87.65,38.12
0.00,0.00,0.00,0.00,0.00,NULL,NULL,15.22,3.1,0,0
0.00,0.00,0.00,0.00,0.00,NULL,NULL,31.45,56.08,62.03,22.92
0.00,0.00,0.00,0.00,0.00,NULL,NULL,41.52,51.72,55.1,46.73
0.00,0.00,0.00,0.00,0.00,NULL,NULL,27.57,43.05,50.58,41.2
0.00,0.00,0.00,0.00,0.00,NULL,NULL,27.62,32.2,17.72,24.52
0.00,0.00,0.00,0.00,0.00,NULL,NULL,20.92,29.75,21.28,6.65
0.00,0.00,0.00,0.00,0.00,NULL,NULL,40.9,27.48,38.18,40.65
0.00,0.00,0.00,0.00,0.00,NULL,NULL,27,52.22,33.38,22.7
0.00,0.00,0.00,0.00,0.00,NULL,NULL,10.37,18.33,1.92,7.85
0.00,0.00,0.00,0.00,0.00,NULL,NULL,46.85,74.22,56.1,23.77
0.00,0.00,0.00,0.00,0.00,NULL,NULL,41.53,73.62,41.83,60.33
0.00,0.00,0.00,0.00,0.00,NULL,NULL,56.72,79.28,94,63.77
0.00,0.00,0.00,0.00,0.00,NULL,NULL,39.57,63.5,59.77,31.68
0.00,0.00,0.00,0.00,0.00,NULL,NULL,54.83,39.27,4.27,0.37
0.00,0.00,0.00,0.00,0.00,NULL,NULL,9.1,18.62,7.37,9.85
0.00,0.00,0.00,0.00,0.00,NULL,NULL,5.67,24.13,8.87,3.75
0.00,0.00,0.00,0.00,0.00,NULL,NULL,0,0,1.72,3.6
0.00,0.00,0.00,0.00,NULL,NULL,NULL,2.72,9.12,17.9,2.15
0.00,0.00,0.00,0.00,NULL,NULL,NULL,7.05,25.22,60.67,26.15
0.00,0.00,0.00,0.00,NULL,NULL,NULL,20.03,40.33,28.85,35.7
0.00,0.00,0.00,0.00,NULL,NULL,NULL,34.32,28.82,34.35,32.2
0.00,0.00,0.00,0.00,NULL,NULL,NULL,62.63,83.27,66.77,70.17
0.00,0.00,0.00,0.00,NULL,NULL,NULL,56.8,81.63,49.87,45.57
0.00,0.00,0.00,0.00,NULL,NULL,NULL,56.8,105.87,86.22,60.65
0.00,0.00,0.00,0.00,NULL,NULL,NULL,31.73,23.08,48.43,31.4
0.00,0.00,0.00,0.00,NULL,NULL,NULL,136.97,92.57,16.75,0
0.00,0.00,0.00,0.00,NULL,NULL,NULL,0,1.52,1.03,1.03
0.00,0.00,0.00,0.00,NULL,NULL,NULL,53.62,76.65,58.72,44.78
0.00,0.00,0.00,0.00,NULL,NULL,NULL,25.58,26.58,27.08,26.83
0.00,0.00,0.00,0.00,NULL,NULL,NULL,22.83,21.58,39.73,37.23
0.00,0.00,0.00,0.00,NULL,NULL,NULL,26.32,66.32,23.98,27.17
0.00,0.00,0.00,0.00,NULL,NULL,NULL,44.93,72.4,59.7,46.77
0.00,0.00,0.00,0.00,NULL,NULL,NULL,23.63,0.1,70.17,36.58
0.00,0.00,0.00,0.00,NULL,NULL,NULL,42.63,98.28,52.32,33.22
0.00,0.00,0.00,0.00,NULL,NULL,NULL,65.58,60.18,0,0
0.00,0.00,0.00,0.00,NULL,NULL,NULL,56.28,86.27,81.03,37.35
0.00,0.00,0.00,0.00,NULL,NULL,NULL,5.22,23.3,19.85,3.53
0.00,0.00,0.00,0.00,NULL,NULL,NULL,27.78,51.7,49.22,39.43
0.00,0.00,0.00,0.00,NULL,NULL,NULL,62.65,48,56.85,49.62
0.00,0.00,0.00,0.00,NULL,NULL,NULL,49.45,54.02,59.42,52.03
0.00,0.00,0.00,0.00,NULL,NULL,NULL,39.2,115.17,73.75,75.62
0.00,0.00,0.00,0.00,NULL,NULL,NULL,1.58,7.43,6.08,5.73
0.00,0.00,0.00,0.00,NULL,NULL,NULL,2.83,0.58,3.2,0
0.00,0.00,0.00,0.00,NULL,NULL,NULL,41.38,73.15,48.53,39.72
0.00,0.00,0.00,0.00,NULL,NULL,NULL,46.98,50.25,50.28,50.62
0.00,0.00,0.00,0.00,NULL,NULL,NULL,42.28,40.43,52.67,41.88
0.00,0.00,0.00,0.00,NULL,NULL,NULL,94.45,56.03,1.42,0
0.00,0.00,0.00,0.00,NULL,NULL,NULL,79.27,89.55,120.73,0
0.00,0.00,0.00,0.00,NULL,NULL,NULL,0,0.22,0.08,0
0.00,0.00,0.00,0.00,NULL,NULL,NULL,0.02,4.27,17.4,68.22
0.00,0.00,0.00,0.00,NULL,NULL,NULL,16.85,16.88,11.78,17.13
0.00,0.00,0.00,0.00,NULL,NULL,NULL,46.85,90.75,64.82,78.47
0.00,0.00,0.00,0.00,NULL,NULL,NULL,16.92,12.25,7.9,2.73
0.00,0.00,0.00,0.00,NULL,NULL,NULL,10.75,20.18,23.83,5.32
0.00,0.00,0.00,0.00,NULL,NULL,NULL,0,5.25,2.03,1.4
0.00,0.00,0.00,0.00,NULL,NULL,NULL,8.53,39.9,39.15,11.7
0.00,0.00,0.00,0.00,NULL,NULL,NULL,8.72,17.43,10.35,5.43
0.00,0.00,0.00,0.00,NULL,NULL,NULL,8.18,22.52,10.53,8.85
0.00,0.00,0.00,0.00,NULL,NULL,NULL,21.03,17.58,18.62,24.25
0.00,0.00,0.00,0.00,NULL,NULL,NULL,20.42,32.53,18.3,6.55
0.00,0.00,0.00,0.00,NULL,NULL,NULL,79.67,80.78,0,2.5
0.00,0.00,0.00,0.00,NULL,NULL,NULL,40.77,78.05,46.63,50.47
0.00,0.00,0.00,0.00,NULL,NULL,NULL,63.05,85.93,44,50.38
0.00,0.00,0.00,0.00,NULL,NULL,NULL,43.98,49.62,19.93,15.82
0.00,0.00,0.00,0.00,NULL,NULL,NULL,39.7,26.68,18.87,23.13
0.00,0.00,0.00,0.00,NULL,NULL,NULL,34.35,56.43,76.45,19.8
0.00,0.00,0.00,0.00,NULL,NULL,NULL,58.62,40.55,63.75,55.58
0.00,0.00,0.00,0.00,NULL,NULL,NULL,68.82,75.45,0,0
0.00,0.00,0.00,0.00,NULL,NULL,NULL,70.78,97.2,68.73,77.1
0.00,0.00,0.00,0.00,NULL,NULL,NULL,0,0,0,0
0.00,0.00,0.00,0.00,NULL,NULL,NULL,0,11.95,15.52,18.35
0.00,0.00,0.00,0.00,NULL,NULL,NULL,56.58,63.12,61.7,67.3
0.00,0.00,0.00,0.00,NULL,NULL,NULL,17.75,25.95,47.83,7.57
0.00,0.00,0.00,0.00,NULL,NULL,NULL,25.47,52.27,33.57,30.43
0.00,0.00,0.00,0.00,NULL,NULL,NULL,82.25,18.43,28.43,27.92
0.00,0.00,0.00,0.00,NULL,NULL,NULL,57.77,72,26.57,7.77
0.00,0.00,0.00,0.00,NULL,NULL,NULL,1.15,28.82,26.15,3.72
0.00,0.00,0.00,0.00,NULL,NULL,NULL,0,0,0,0
0.00,0.00,0.00,0.00,NULL,NULL,NULL,0,0,0,0
0.00,0.00,0.00,0.00,NULL,NULL,NULL,14.85,27.23,22.48,0
0.00,0.00,0.00,0.00,NULL,NULL,NULL,0,0.33,9.5,10.73
0.00,0.00,0.00,0.00,NULL,NULL,NULL,0,0.02,1.2,20.73
0.00,0.00,0.00,0.00,NULL,NULL,NULL,13.72,9.02,48.02,47.55
0.00,0.00,0.00,0.00,NULL,NULL,NULL,74.83,165.5,69.52,56.67
0.00,0.00,0.00,0.00,NULL,NULL,NULL,34.47,36.45,46.98,29.43
0.00,0.00,0.00,0.00,NULL,NULL,NULL,16.25,43.15,95.72,82.88
0.00,0.00,0.00,0.00,NULL,NULL,NULL,0.93,1.18,0.55,0.03
0.00,0.00,0.00,0.00,NULL,NULL,NULL,0,0,0,0
0.00,0.00,0.00,0.00,NULL,NULL,NULL,48.43,79.88,86.25,38.47
0.00,0.00,0.00,0.00,NULL,NULL,NULL,64.98,95.05,63.53,66.6
0.00,0.00,0.00,0.00,NULL,NULL,NULL,40.5,61.17,69.27,22.82
0.00,0.00,0.00,0.00,NULL,NULL,NULL,45.05,81.15,38.53,36.83
0.00,0.00,0.00,0.00,NULL,NULL,NULL,100.88,100.03,119.27,86.15
0.00,0.00,0.00,0.00,NULL,NULL,NULL,0,7.05,0,0
0.00,0.00,0.00,0.00,NULL,NULL,NULL,3.28,26.83,10.02,2.58
0.00,0.00,0.00,0.00,NULL,NULL,NULL,32.92,57.72,29.37,27.95
0.00,0.00,0.00,0.00,NULL,NULL,NULL,15.58,5.45,6.82,21.03
0.00,0.00,0.00,0.00,NULL,NULL,NULL,28.63,92.2,64.68,53.68
0.00,0.00,0.00,0.00,NULL,NULL,NULL,50.13,7.23,5.3,6.58
0.00,0.00,0.00,0.00,NULL,NULL,NULL,46.78,86.23,39.87,70.58
0.00,0.00,0.00,0.00,NULL,NULL,NULL,35,70.68,41.35,42.48
0.00,0.00,0.00,0.00,NULL,NULL,NULL,42.05,50.65,47.3,38.72
0.00,0.00,0.00,0.00,NULL,NULL,NULL,54.68,117.78,94.77,87.27
0.00,0.00,0.00,0.00,NULL,NULL,NULL,14.98,32.6,36.08,20.53
0.00,0.00,0.00,0.00,NULL,NULL,NULL,12.47,14.28,11.05,10.37
0.00,0.00,0.00,0.00,NULL,NULL,NULL,42.12,54.18,61.52,40.23
0.00,0.00,0.00,0.00,NULL,NULL,NULL,45.75,63.37,42.02,37.38
0.00,0.00,0.00,0.00,NULL,NULL,NULL,64.08,57.12,107.3,66.47
0.00,0.00,0.00,0.00,NULL,NULL,NULL,60.17,54.57,88.75,46.8
0.00,0.00,0.00,0.00,NULL,NULL,NULL,43.52,73.57,34.57,39.38
0.00,0.00,0.00,0.00,NULL,NULL,NULL,40.75,48.22,47,47.83
0.00,0.00,0.00,0.00,NULL,NULL,NULL,56.58,70.7,75.8,66.97
0.00,0.00,0.00,0.00,NULL,NULL,NULL,36.02,31.05,54.55,47.88
0.00,0.00,0.00,0.00,NULL,NULL,NULL,28.93,24.7,32.72,28.27
0.00,0.00,0.00,0.00,NULL,NULL,NULL,3.83,165.73,60.37,0
0.00,0.00,0.00,0.00,NULL,NULL,NULL,10.18,17.57,11.08,5.97
0.00,0.00,0.00,0.00,NULL,NULL,NULL,94.4,109.47,86.03,61.27
0.00,0.00,0.00,0.00,NULL,NULL,NULL,99.12,128.42,105.32,117.05
0.00,0.00,0.00,0.00,NULL,NULL,NULL,57.88,94.53,87.87,75.52
0.00,0.00,0.00,0.00,NULL,NULL,NULL,241.18,301.87,83.97,5.72
0.00,0.00,0.00,0.00,NULL,NULL,NULL,8.08,22.07,7.52,8.3
0.00,0.00,0.00,0.00,NULL,NULL,NULL,69.75,127.15,96.07,60.28
0.00,0.00,0.00,0.00,NULL,NULL,NULL,39.77,98.18,83.37,31.6
0.00,0.00,0.00,0.00,NULL,NULL,NULL,52.33,56.67,57.32,52.9
0.00,0.00,0.00,0.00,NULL,NULL,NULL,18.4,18.88,13.27,4.35
0.00,0.00,0.00,0.00,NULL,NULL,NULL,47.17,88.22,78.42,51.57
0.00,0.00,0.00,0.00,NULL,NULL,NULL,35.65,87.12,44.93,36.88
0.00,0.00,0.00,0.00,NULL,NULL,NULL,50.37,0,0,0
0.00,0.00,0.00,0.00,NULL,NULL,NULL,33.65,21.9,0.02,0.08
0.00,0.00,0.00,0.00,NULL,NULL,NULL,28.35,45.57,36.15,26.2
0.00,0.00,0.00,0.00,NULL,NULL,NULL,0.05,17.13,36.97,36.92
0.00,0.00,0.00,0.00,NULL,NULL,NULL,34.65,37.57,36.82,31.28
0.00,0.00,0.00,0.00,NULL,NULL,NULL,41.62,73.1,68.48,46.23
0.00,0.00,0.00,0.00,NULL,NULL,NULL,144.9,157.5,105.83,69.88
0.00,0.00,0.00,0.00,NULL,NULL,NULL,47.73,46.4,52.3,46.5
0.00,0.00,0.00,0.00,NULL,NULL,NULL,16.93,22.37,18.6,16.58
0.00,0.00,0.00,0.00,NULL,NULL,NULL,0.78,0.07,0,1.1
0.00,0.00,0.00,0.00,NULL,NULL,NULL,41.15,106.92,107.55,115.57
0.00,0.00,0.00,0.00,NULL,NULL,NULL,37.25,52.28,51.85,30.25
0.00,0.00,0.00,0.00,NULL,NULL,NULL,25.45,32.43,31.65,25
0.00,0.00,0.00,0.00,NULL,NULL,NULL,25.72,50.73,40.95,41.88
0.00,0.00,0.00,0.00,NULL,NULL,NULL,40.13,67.38,46.87,40.42
0.00,0.00,0.00,0.00,NULL,NULL,NULL,60.52,92.98,80.78,64.87
0.00,0.00,0.00,0.00,NULL,NULL,NULL,52.4,65.08,66.2,43.03
0.00,0.00,0.00,0.00,NULL,NULL,NULL,16.8,38.9,35.05,20.47
0.00,0.00,0.00,0.00,NULL,NULL,NULL,0.43,21.93,40.42,8.37
0.00,0.00,0.00,0.00,NULL,NULL,NULL,8.52,23.47,11.78,13.08
0.00,0.00,0.00,0.00,NULL,NULL,NULL,0,0,0,0
0.00,0.00,0.00,0.00,NULL,NULL,NULL,49.92,64.42,62.87,48
0.00,0.00,0.00,0.00,NULL,NULL,NULL,20.98,28.47,28.17,36.1
0.00,0.00,0.00,0.00,NULL,NULL,NULL,36.75,91.42,25.67,34.58
0.00,0.00,0.00,0.00,NULL,NULL,NULL,45.07,106.8,71,52.08
0.00,0.00,0.00,0.00,NULL,NULL,NULL,40.23,82.22,51.65,53.03
0.00,0.00,0.00,0.00,NULL,NULL,NULL,13.98,22.05,23.73,20.12
0.00,0.00,0.00,0.00,NULL,NULL,NULL,76.48,98.55,78.67,91.4
0.00,0.00,0.00,0.00,NULL,NULL,NULL,25.12,53.55,50.77,23.4
0.00,0.00,0.00,0.00,NULL,NULL,NULL,0.23,9.72,0.93,1.52
0.00,0.00,0.00,0.00,NULL,NULL,NULL,0.37,0,0,0
0.00,0.00,0.00,0.00,NULL,NULL,NULL,17.48,14.85,19.28,17.78
0.00,0.00,0.00,0.00,NULL,NULL,NULL,19.98,32.08,22.98,10.18
0.00,0.00,0.00,0.00,NULL,NULL,NULL,4.85,3.03,5.87,12.33
0.00,0.00,0.00,0.00,NULL,NULL,NULL,15.85,21.72,15.32,15.88
0.00,0.00,0.00,0.00,NULL,NULL,NULL,1.25,5.35,14.9,8.6
0.00,0.00,0.00,0.00,NULL,NULL,NULL,6.68,27.55,24.32,15.73
0.00,0.00,0.00,0.00,NULL,NULL,NULL,5.83,26.03,21.88,4.12
0.00,0.00,0.00,0.00,NULL,NULL,NULL,0.03,3.22,0.02,9.92
0.00,0.00,0.00,0.00,NULL,NULL,NULL,37.23,47.12,47.43,42.4
0.00,0.00,0.00,0.00,NULL,NULL,NULL,9.4,8.43,12.52,26.92
0.00,0.00,0.00,0.00,NULL,NULL,NULL,8.43,17.45,7.13,11.58
0.00,0.00,0.00,0.00,NULL,NULL,NULL,103.23,154.5,92.07,97.13
0.00,0.00,0.00,0.00,NULL,NULL,NULL,59.87,106.85,82.43,45.12
0.00,0.00,0.00,0.00,NULL,NULL,NULL,66.97,100.15,60.88,45.17
0.00,0.00,0.00,0.00,NULL,NULL,NULL,12.68,12.92,17.52,0.98
0.00,0.00,0.00,0.00,NULL,NULL,NULL,34.52,77.35,38.67,40.97
0.00,0.00,0.00,0.00,NULL,NULL,NULL,44.08,62.65,40.5,35.68
0.00,0.00,0.00,0.00,NULL,NULL,NULL,26.75,36.35,34.55,46.1
0.00,0.00,0.00,0.00,NULL,NULL,NULL,31.5,75.78,35.13,45.02
0.00,0.00,0.00,0.00,NULL,NULL,NULL,51.75,118.58,101.17,135.9
0.00,0.00,0.00,0.00,NULL,NULL,NULL,0.13,22.28,27.78,7.18
0.00,0.00,0.00,0.00,NULL,NULL,NULL,9.82,15.35,9.9,6.55
0.00,0.00,0.00,0.00,NULL,NULL,NULL,17.18,81.83,119.6,76.55
0.00,0.00,0.00,0.00,NULL,NULL,NULL,0,0,0,0
0.00,0.00,0.00,0.00,NULL,NULL,NULL,66.97,0.48,20.6,0.3
0.00,0.00,0.00,0.00,NULL,NULL,NULL,73.65,125.65,141.27,77.42
0.00,0.00,0.00,0.00,NULL,NULL,NULL,59.3,51.87,60.45,48.63
0.00,0.00,0.00,0.00,NULL,NULL,NULL,31.82,71.52,48.75,44.25
0.00,0.00,0.00,0.00,NULL,NULL,NULL,36.53,35.5,38.23,32.48
0.00,0.00,0.00,0.00,NULL,NULL,NULL,41.82,76.47,59.85,51.47
0.00,0.00,0.00,0.00,NULL,NULL,NULL,67.05,55.77,38.43,35.58
0.00,0.00,0.00,0.00,NULL,NULL,NULL,31.32,70.23,39.12,40.67
0.00,0.00,0.00,0.00,NULL,NULL,NULL,34.13,38.5,38.35,52.23
0.00,0.00,0.00,0.00,NULL,NULL,NULL,73.15,97.58,81.38,81.77
0.00,0.00,0.00,0.00,NULL,NULL,NULL,85.53,82.03,96.53,81.88
0.00,0.00,0.00,0.00,NULL,NULL,NULL,100.1,100.68,84.17,48.23
0.00,0.00,0.00,0.00,NULL,NULL,NULL,73.12,81.98,116.7,73.37
0.00,0.00,0.00,0.00,NULL,NULL,NULL,34.32,93.1,57.25,48.77
0.00,0.00,0.00,0.00,NULL,NULL,NULL,44.12,28.65,40.7,42.22
0.00,0.00,0.00,0.00,NULL,NULL,NULL,54.45,33.33,61.72,41.68
0.00,0.00,0.00,0.00,NULL,NULL,NULL,97.87,100.62,82.65,97.08
0.00,0.00,0.00,0.00,NULL,NULL,NULL,101.8,85.48,112.42,78.25
0.00,0.00,0.00,0.00,NULL,NULL,NULL,0.17,0,2.17,14.15
0.00,0.00,0.00,0.00,NULL,NULL,NULL,69.82,32.22,39.35,20.52
0.00,0.00,0.00,0.00,NULL,NULL,NULL,45.57,73.42,48.65,69.42
0.00,0.00,0.00,0.00,NULL,NULL,NULL,73.33,68.95,157.9,133.67
0.00,0.00,0.00,0.00,NULL,NULL,NULL,55.72,82.87,82.6,65.72
0.00,0.00,0.00,0.00,NULL,NULL,NULL,53.13,28.92,67.18,65.1
0.00,0.00,0.00,0.00,NULL,NULL,NULL,64.45,40.8,23.67,63.77
0.00,0.00,0.00,0.00,NULL,NULL,NULL,10,0.32,18.88,0
0.00,0.00,0.00,0.00,NULL,NULL,NULL,64.62,72.38,65.27,62.7
0.00,0.00,0.00,0.00,NULL,NULL,NULL,45.72,48.6,50.4,49.37
0.00,0.00,0.00,0.00,NULL,NULL,NULL,42.88,69.7,70.15,78.15
0.00,0.00,0.00,0.00,NULL,NULL,NULL,5.65,2.43,15.38,13.38
0.00,0.00,0.00,0.00,NULL,NULL,NULL,77.3,57.5,85.58,69.53
0.00,0.00,0.00,0.00,NULL,NULL,NULL,7.85,19.68,15.92,10.9
0.00,0.00,0.00,0.00,NULL,NULL,NULL,19.73,25.47,29.2,25.8
0.00,0.00,0.00,0.00,NULL,NULL,NULL,114.4,114.97,106.22,123.13
0.00,0.00,0.00,0.00,NULL,NULL,NULL,84.58,72.62,101.42,87.32
0.00,0.00,0.00,0.00,NULL,NULL,NULL,6.55,5.47,4.53,16.98
0.00,0.00,0.00,0.00,NULL,NULL,NULL,53.93,36.95,60.77,37.63
0.00,0.00,0.00,0.00,NULL,NULL,NULL,51.22,41.32,53,29.7
0.00,0.00,0.00,0.00,NULL,NULL,NULL,22.77,22.08,37.75,30.35
0.00,0.00,0.00,0.00,NULL,NULL,NULL,43.13,56.33,35.9,57.58
0.00,0.00,0.00,0.00,NULL,NULL,NULL,55.27,67.23,47.55,40.2
0.00,0.00,0.00,0.00,NULL,NULL,NULL,45.25,68.58,61.98,38.43
0.00,0.00,0.00,0.00,NULL,NULL,NULL,7.1,78.15,18.98,7.78
0.00,0.00,0.00,0.00,NULL,NULL,NULL,47.03,120.95,48.98,22.33
0.00,0.00,0.00,0.00,NULL,NULL,NULL,23.75,69.92,8.6,10.13
0.00,0.00,0.00,0.00,NULL,NULL,NULL,7.07,87.43,13.93,33.85
0.00,0.00,0.00,0.00,NULL,NULL,NULL,36.15,33.37,44.6,11.72
0.00,0.00,0.00,0.00,NULL,NULL,NULL,33.53,58.95,43.95,39.18
0.00,0.00,0.00,0.00,NULL,NULL,NULL,58.17,83.03,75.15,69.72
0.00,0.00,0.00,0.00,NULL,NULL,NULL,53.67,46.77,57.15,31.78
0.00,0.00,0.00,0.00,NULL,NULL,NULL,47.85,61.02,75.7,59.67
0.00,0.00,0.00,0.00,NULL,NULL,NULL,39.05,12.05,60.77,35.07
0.00,0.00,0.00,0.00,NULL,NULL,NULL,0.03,30.2,29.82,0
0.00,0.00,0.00,0.00,NULL,NULL,NULL,22.17,36.77,39.65,45.38
0.00,0.00,0.00,0.00,NULL,NULL,NULL,79.17,75.8,78.07,66.93
0.00,0.00,0.00,0.00,NULL,NULL,NULL,46.4,54.7,51.77,59
0.00,0.00,0.00,0.00,NULL,NULL,NULL,339.33,132.82,393.95,491.47
0.00,0.00,0.00,0.00,NULL,NULL,NULL,18.1,32.38,15.87,19.03
0.00,0.00,0.00,0.00,NULL,NULL,NULL,9.92,3.08,10.92,5.63
0.00,0.00,0.00,0.00,NULL,NULL,NULL,65.65,25.48,16.68,25.15
0.00,0.00,0.00,0.00,NULL,NULL,NULL,8.75,20.8,12.48,14.15
0.00,0.00,0.00,0.00,NULL,NULL,NULL,11.38,23.67,15.02,16.3
0.00,0.00,0.00,0.00,NULL,NULL,NULL,26.27,29.5,30.05,26.3
0.00,0.00,0.00,0.00,NULL,NULL,NULL,10.88,8.45,2.32,11.9
0.00,0.00,0.00,0.00,NULL,NULL,NULL,9.75,14.77,16.28,5.37
0.00,0.00,0.00,0.00,NULL,NULL,NULL,54.52,69.2,52.13,53.1
0.00,0.00,0.00,0.00,NULL,NULL,NULL,14.02,17.78,17.63,11.45
0.00,0.00,0.00,0.00,NULL,NULL,NULL,60.28,59.67,57.22,69.65
0.00,0.00,0.00,0.00,NULL,NULL,NULL,9.7,24.62,16.73,6.82
0.00,0.00,0.00,0.00,NULL,NULL,NULL,59.93,75.68,5.22,0
0.00,0.00,0.00,0.00,NULL,NULL,NULL,10.2,29.87,15.33,15.82
0.00,0.00,0.00,0.00,NULL,NULL,NULL,10.3,13.17,7.05,6.97
0.00,0.00,0.00,0.00,NULL,NULL,NULL,49.45,45.32,40.68,61.17
0.00,0.00,0.00,0.00,NULL,NULL,NULL,18.12,28.1,25.33,16.17
0.00,0.00,0.00,0.00,NULL,NULL,NULL,13.73,26.65,13.23,11.72
0.00,0.00,0.00,0.00,NULL,NULL,NULL,49.73,78.68,75.5,39.75
0.00,0.00,0.00,0.00,NULL,NULL,NULL,62.87,85.83,0,0
0.00,0.00,0.00,0.00,NULL,NULL,NULL,11.03,19.72,18.62,14.03
0.00,0.00,0.00,0.00,NULL,NULL,NULL,62.27,105.63,69.98,14.73
0.00,0.00,0.00,0.00,NULL,NULL,NULL,28.62,44.5,24.08,22.95
0.00,0.00,0.00,0.00,NULL,NULL,NULL,43.27,60.62,37.78,9.42
0.00,0.00,0.00,0.00,NULL,NULL,NULL,35.73,45.83,39.67,8.23
0.00,0.00,0.00,0.00,NULL,NULL,NULL,8.22,12.33,9.87,10.93
0.00,0.00,0.00,0.00,NULL,NULL,NULL,51.87,105.53,62.55,55.83
0.00,0.00,0.00,0.00,NULL,NULL,NULL,9,18.03,16.63,13.38
0.00,0.00,0.00,0.00,NULL,NULL,NULL,72.75,103.2,77.33,55.02
0.00,0.00,0.00,0.00,NULL,NULL,NULL,16.53,32.57,17.58,16.78
0.00,0.00,0.00,0.00,NULL,NULL,NULL,52.93,49.47,51.92,62.72
0.00,0.00,0.00,0.00,NULL,NULL,NULL,36.4,54.1,41.87,46.85
0.00,0.00,0.00,0.00,NULL,NULL,NULL,9.92,7.17,6.12,9.78
0.00,0.00,0.00,0.00,NULL,NULL,NULL,31.55,51.7,43.23,36.23
0.00,0.00,0.00,0.00,NULL,NULL,NULL,37.52,57.12,38.4,18.57
0.00,0.00,0.00,0.00,NULL,NULL,NULL,11.17,25.53,19.5,12.45
0.00,0.00,0.00,0.00,NULL,NULL,NULL,39.97,89.45,42.38,45.1
0.00,0.00,0.00,0.00,NULL,NULL,NULL,28.15,20.02,18.18,22.05
0.00,0.00,0.00,0.00,NULL,NULL,NULL,7.42,6.95,69.9,82.98
0.00,0.00,0.00,0.00,NULL,NULL,NULL,21.87,50.23,28.7,39.37
0.00,0.00,0.00,0.00,NULL,NULL,NULL,54.17,78.45,96.08,62.73
0.00,0.00,0.00,0.00,NULL,NULL,NULL,28.08,30.85,22.4,25.92
0.00,0.00,0.00,0.00,NULL,NULL,NULL,22.95,39.57,25.47,32.25
0.00,0.00,0.00,0.00,NULL,NULL,NULL,7.63,3.83,20,15.9
0.00,0.00,0.00,0.00,NULL,NULL,NULL,41.63,62.7,36.07,36.17
0.00,0.00,0.00,0.00,NULL,NULL,NULL,61.73,96.78,83.58,56.57
0.00,0.00,0.00,0.00,NULL,NULL,NULL,19.07,25.58,28.92,25.75
0.00,0.00,0.00,0.00,NULL,NULL,NULL,53.73,61.67,0,0
0.00,0.00,0.00,0.00,NULL,NULL,NULL,31.83,36.63,38.97,28.75
0.00,0.00,0.00,0.00,NULL,NULL,NULL,10.68,21.57,31.12,6.48
0.00,0.00,0.00,0.00,NULL,NULL,NULL,35.15,34.93,31.88,41.43
0.00,0.00,0.00,0.00,NULL,NULL,NULL,6.72,9.03,18.35,8.22
0.00,0.00,0.00,0.00,NULL,NULL,NULL,30.67,51.5,43.7,55.62
0.00,0.00,0.00,0.00,NULL,NULL,NULL,53.87,73.73,12.92,0
0.00,0.00,0.00,0.00,NULL,NULL,NULL,0.38,0.98,0.53,3.95
0.00,0.00,0.00,0.00,NULL,NULL,NULL,47.22,56.03,41.98,53.15
0.00,0.00,0.00,0.00,NULL,NULL,NULL,10.45,22.47,13.28,13.93
0.00,0.00,0.00,0.00,NULL,NULL,NULL,0,0,0,0
0.00,0.00,0.00,0.00,NULL,NULL,NULL,22.87,81.28,74.22,42.82
0.00,0.00,0.00,0.00,NULL,NULL,NULL,2.33,19.57,13.23,11.3
0.00,0.00,0.00,0.00,NULL,NULL,NULL,62.5,38.18,26.12,76.5
0.00,0.00,0.00,0.00,NULL,NULL,NULL,21.08,27.82,23.63,16.55
0.00,0.00,0.00,0.00,NULL,NULL,NULL,40.63,62.1,47.78,59.77
0.00,0.00,0.00,0.00,NULL,NULL,NULL,10.48,20.38,10.5,11.02
0.00,0.00,0.00,0.00,NULL,NULL,NULL,0.65,5.37,1,0
0.00,0.00,0.00,0.00,NULL,NULL,NULL,19.38,34.63,27.52,27.95
0.00,0.00,0.00,0.00,NULL,NULL,NULL,1.22,34.12,47.8,28.52
0.00,0.00,0.00,0.00,NULL,NULL,NULL,23.28,38.25,29.63,19.1
0.00,0.00,0.00,0.00,NULL,NULL,NULL,31.23,39.47,44.53,28.65
0.00,0.00,0.00,0.00,NULL,NULL,NULL,14.53,24.77,22.72,14.72
0.00,0.00,0.00,0.00,NULL,NULL,NULL,29.12,46.42,44.8,30.38
0.00,0.00,0.00,0.00,NULL,NULL,NULL,29.13,13.88,0.27,12.28
0.00,0.00,0.00,0.00,NULL,NULL,NULL,21.17,26.25,22.73,16.12
0.00,0.00,0.00,0.00,NULL,NULL,NULL,24.65,41.37,28.6,23.75
0.00,0.00,0.00,0.00,NULL,NULL,NULL,18.33,32.03,29.13,22.53
0.00,0.00,0.00,0.00,NULL,NULL,NULL,16.07,15.23,22.03,17.22
0.00,0.00,0.00,0.00,NULL,NULL,NULL,17.7,17.72,32.25,12.6
0.00,0.00,0.00,0.00,NULL,NULL,NULL,17.42,19.13,24.58,10.38
0.00,0.00,0.00,0.00,NULL,NULL,NULL,18.5,18.12,17.18,16.02
0.00,0.00,0.00,0.00,NULL,NULL,NULL,49.07,65.57,71.33,2.53
0.00,0.00,0.00,0.00,NULL,NULL,NULL,18.83,31.1,14.37,13.5
0.00,0.00,0.00,0.00,NULL,NULL,NULL,15.97,19.43,16.15,14.32
0.00,0.00,0.00,0.00,NULL,NULL,NULL,52.32,47.93,67.13,55.02
0.00,0.00,0.00,0.00,NULL,NULL,NULL,8.42,5.88,0.8,0
0.00,0.00,0.00,0.00,NULL,NULL,NULL,43.67,47.83,37.28,28.07
0.00,0.00,0.00,0.00,NULL,NULL,NULL,9.07,6.35,7.98,12.32
0.00,0.00,0.00,0.00,NULL,NULL,NULL,13.5,30.87,33.5,21.98
0.00,0.00,0.00,0.00,NULL,NULL,NULL,16.62,14.17,17.72,18.08
0.00,0.00,0.00,0.00,NULL,NULL,NULL,80.33,57.4,77.23,41.85
0.00,0.00,0.00,0.00,NULL,NULL,NULL,32.18,42.58,41.32,32.28
0.00,0.00,0.00,0.00,NULL,NULL,NULL,15.82,25.4,12.53,13.98
0.00,0.00,0.00,0.00,NULL,NULL,NULL,33.8,28.73,45.28,21.62
0.00,0.00,0.00,0.00,NULL,NULL,NULL,29.68,53.33,42.2,15.52
0.00,0.00,0.00,0.00,NULL,NULL,NULL,12.48,23.08,31.22,17.77
0.00,0.00,0.00,0.00,NULL,NULL,NULL,0,0,0,0
0.00,0.00,0.00,0.00,NULL,NULL,NULL,0,0,0,0
0.00,0.00,0.00,0.00,NULL,NULL,NULL,7.58,22.23,28.47,12.8
0.00,0.00,0.00,0.00,NULL,NULL,NULL,1.62,0,7.4,10.1
0.00,0.00,0.00,0.00,NULL,NULL,NULL,64.9,98.52,75.73,83.23
0.00,0.00,0.00,0.00,NULL,NULL,NULL,10.42,25.42,8.6,7.92
0.00,0.00,0.00,0.00,NULL,NULL,NULL,14.02,27.45,22.92,12.5
0.00,0.00,0.00,0.00,NULL,NULL,NULL,3.83,2.57,6.27,9.07
0.00,0.00,0.00,0.00,NULL,NULL,NULL,50.25,69.95,46.47,0
0.00,0.00,0.00,0.00,NULL,NULL,NULL,14.53,13.38,10.33,10.2
0.00,0.00,0.00,0.00,NULL,NULL,NULL,10.97,22.27,15.32,19.35
0.00,0.00,0.00,0.00,NULL,NULL,NULL,11.52,20.73,17.63,6.37
0.00,0.00,0.00,0.00,NULL,NULL,NULL,0.57,1.95,0.6,0.03
0.00,0.00,0.00,0.00,NULL,NULL,NULL,24.15,20.77,21.88,20.22
0.00,0.00,0.00,0.00,NULL,NULL,NULL,12.8,20.72,14.4,15.23
0.00,0.00,0.00,0.00,NULL,NULL,NULL,77.92,124.6,102.18,94.48
0.00,0.00,0.00,0.00,NULL,NULL,NULL,35.45,49.87,37.88,37.67
0.00,0.00,0.00,0.00,NULL,NULL,NULL,59.27,61.7,61.35,19.63
0.00,0.00,0.00,0.00,NULL,NULL,NULL,0,36.47,49.02,14.15
0.00,0.00,0.00,0.00,NULL,NULL,NULL,22.02,30.05,38.1,20.18
0.00,0.00,0.00,0.00,NULL,NULL,NULL,8.6,13.68,14.65,15.1
0.00,0.00,0.00,0.00,NULL,NULL,NULL,19.17,23.33,24.77,20.03
0.00,0.00,0.00,0.00,NULL,NULL,NULL,12.33,27.42,14.47,14.52
0.00,0.00,0.00,0.00,NULL,NULL,NULL,23.95,31.4,19.98,12.52
0.00,0.00,0.00,0.00,NULL,NULL,NULL,26.68,36.1,38.33,30.87
0.00,0.00,0.00,0.00,NULL,NULL,NULL,32.68,42.35,43.4,36.35
0.00,0.00,0.00,0.00,NULL,NULL,NULL,30.42,33.93,49.33,23.85
0.00,0.00,0.00,0.00,NULL,NULL,NULL,38.7,48.43,55,58.25
0.00,0.00,0.00,0.00,NULL,NULL,NULL,51.68,68.23,38.92,25.23
0.00,0.00,0.00,0.00,NULL,NULL,NULL,26.37,32.83,33.08,27.07
0.00,0.00,0.00,0.00,NULL,NULL,NULL,3.72,15.87,9.2,0.25
0.00,0.00,0.00,0.00,NULL,NULL,NULL,16.15,25.93,14.43,12.8
0.00,0.00,0.00,0.00,NULL,NULL,NULL,54.75,45.95,67.55,54.58
0.00,0.00,0.00,0.00,NULL,NULL,NULL,31.28,49.58,45.75,28.43
0.00,0.00,0.00,0.00,NULL,NULL,NULL,31.15,28.5,24.32,31.75
0.00,0.00,0.00,0.00,NULL,NULL,NULL,34.22,45.4,57.52,55.95
0.00,0.00,0.00,0.00,NULL,NULL,NULL,9.28,56.75,45.83,56.1
0.00,0.00,0.00,0.00,NULL,NULL,NULL,13.85,19.97,9.4,10.4
0.00,0.00,0.00,0.00,NULL,NULL,NULL,8.97,17.23,9.17,9.88
0.00,0.00,0.00,0.00,NULL,NULL,NULL,17.93,21.83,14.07,16.45
0.00,0.00,0.00,0.00,NULL,NULL,NULL,17.68,19.12,19.7,12.75
0.00,0.00,0.00,0.00,NULL,NULL,NULL,11.35,24.05,21.92,19.37
0.00,0.00,0.00,0.00,NULL,NULL,NULL,23.98,27.32,24.02,16.95
0.00,0.00,0.00,0.00,NULL,NULL,NULL,15.7,23.7,20.18,7.38
0.00,0.00,0.00,0.00,NULL,NULL,NULL,18.2,15.52,16.85,12.07
0.00,0.00,0.00,0.00,NULL,NULL,NULL,16.5,15.43,1.22,3.48
0.00,0.00,0.00,0.00,NULL,NULL,NULL,23.5,22.52,15.32,5.2
0.00,0.00,0.00,0.00,NULL,NULL,NULL,16.63,15.82,10.98,7.65
0.00,0.00,0.00,0.00,NULL,NULL,NULL,119.68,77.57,100.05,90.02
0.00,0.00,0.00,0.00,NULL,NULL,NULL,83.5,123.03,105.47,79.98
0.00,0.00,0.00,0.00,NULL,NULL,NULL,11.95,14.32,17.2,15.07
0.00,0.00,0.00,0.00,NULL,NULL,NULL,11.12,30.1,12.88,10.82
0.00,0.00,0.00,0.00,NULL,NULL,NULL,0.02,0.07,0.1,0.1
0.00,0.00,0.00,0.00,NULL,NULL,NULL,10.35,24.38,24.62,12.65
0.00,0.00,0.00,0.00,NULL,NULL,NULL,53.23,71.32,59.68,50.03
0.00,0.00,0.00,0.00,NULL,NULL,NULL,31.4,31.9,14.12,17.57
0.00,0.00,0.00,0.00,NULL,NULL,NULL,0,0,0,0
0.00,0.00,0.00,0.00,NULL,NULL,NULL,65.88,82.85,73.68,28.47
0.00,0.00,0.00,0.00,NULL,NULL,NULL,16.25,16.22,0.27,4.15
0.00,0.00,0.00,0.00,NULL,NULL,NULL,0,0,0,0
0.00,0.00,0.00,0.00,NULL,NULL,NULL,10.65,34.28,36.95,14.98
0.00,0.00,0.00,0.00,NULL,NULL,NULL,8.78,28.03,23.27,11.13
0.00,0.00,0.00,0.00,NULL,NULL,NULL,21.17,31.77,19.15,17.95
0.00,0.00,0.00,0.00,NULL,NULL,NULL,61.95,49.23,57.28,48.02
0.00,0.00,0.00,0.00,NULL,NULL,NULL,26.77,38.35,40.78,23.85
0.00,0.00,0.00,0.00,NULL,NULL,NULL,26.75,29.45,25.83,17.98
0.00,0.00,0.00,0.00,NULL,NULL,NULL,41.7,58.55,41.75,43.73
0.00,0.00,0.00,0.00,NULL,NULL,NULL,8.07,16.1,8.77,16.18
0.00,0.00,0.00,0.00,NULL,NULL,NULL,34.18,38.45,43.05,36.3
0.00,0.00,0.00,0.00,NULL,NULL,NULL,10.88,30.8,28.77,9.62
0.00,0.00,0.00,0.00,NULL,NULL,NULL,18.08,33.32,21.93,22.53
0.00,0.00,0.00,0.00,NULL,NULL,NULL,26.08,41.33,29.15,10.95
0.00,0.00,0.00,0.00,NULL,NULL,NULL,0,24.92,97.4,121.42
0.00,0.00,0.00,0.00,NULL,NULL,NULL,32.47,57.33,52,49.47
0.00,0.00,0.00,0.00,NULL,NULL,NULL,59.15,88.33,78.18,41.03
0.00,0.00,0.00,0.00,NULL,NULL,NULL,15.7,26.87,35.32,12.67
0.00,0.00,0.00,0.00,NULL,NULL,NULL,5.27,19.97,14.73,11.17
0.00,0.00,0.00,0.00,NULL,NULL,NULL,15.9,36.37,29.22,22.88
0.00,0.00,0.00,0.00,NULL,NULL,NULL,0,0,0,0
0.00,0.00,0.00,0.00,NULL,NULL,NULL,19.68,23.15,26.93,15.85
0.00,0.00,0.00,0.00,NULL,NULL,NULL,26.62,29.62,33.82,9.87
0.00,0.00,0.00,0.00,NULL,NULL,NULL,0.42,4.57,0.03,2.33
0.00,0.00,0.00,0.00,NULL,NULL,NULL,25.83,42.53,29.2,37.18
0.00,0.00,0.00,0.00,NULL,NULL,NULL,28.68,30.53,26.42,20.08
0.00,0.00,0.00,0.00,NULL,NULL,NULL,0.18,0,0,0
0.00,0.00,0.00,0.00,NULL,NULL,NULL,26.48,38.12,49.08,21.83
0.00,0.00,0.00,0.00,NULL,NULL,NULL,14.28,24.18,24.47,19.47
0.00,0.00,0.00,0.00,NULL,NULL,NULL,27.98,46.22,35.97,5.05
0.00,0.00,0.00,0.00,NULL,NULL,NULL,36.87,52.38,55.92,50.4
0.00,0.00,0.00,0.00,NULL,NULL,NULL,39.03,32.32,35.45,22.37
0.00,0.00,0.00,0.00,NULL,NULL,NULL,0,0,0,0
0.00,0.00,0.00,0.00,NULL,NULL,NULL,0,0.1,0.32,0.18
0.00,0.00,0.00,0.00,NULL,NULL,NULL,26.8,51.67,41.48,45.95
0.00,0.00,0.00,0.00,NULL,NULL,NULL,4.33,40.8,19.92,0
0.00,0.00,0.00,0.00,NULL,NULL,NULL,24.58,44.17,28.92,24.1
0.00,0.00,0.00,0.00,NULL,NULL,NULL,37.42,50.52,30.72,30.93
0.00,0.00,0.00,0.00,NULL,NULL,NULL,8.18,100.27,0,0
0.00,0.00,0.00,0.00,NULL,NULL,NULL,9.2,25.87,14.25,12.22
0.00,0.00,0.00,0.00,NULL,NULL,NULL,26.25,71.83,41.03,54.38
0.00,0.00,0.00,0.00,NULL,NULL,NULL,17.02,21.32,11.18,14.97
0.00,0.00,0.00,0.00,NULL,NULL,NULL,4.22,10.52,7,16.22
0.00,0.00,0.00,0.00,NULL,NULL,NULL,3.08,14.68,1.75,9.03
0.00,0.00,0.00,0.00,NULL,NULL,NULL,7.35,12.85,8.42,9.35
0.00,0.00,0.00,0.00,NULL,NULL,NULL,13.7,13.2,26.45,3.58
0.00,0.00,0.00,0.00,NULL,NULL,NULL,29.75,0,0,0
0.00,0.00,0.00,0.00,NULL,NULL,NULL,32.15,47.9,33.38,31.55
0.00,0.00,0.00,0.00,NULL,NULL,NULL,6.95,11.45,8.52,4.42
0.00,0.00,0.00,0.00,NULL,NULL,NULL,0,0,0,0
0.00,0.00,0.00,0.00,NULL,NULL,NULL,19.65,27.53,35.43,14.28
0.00,0.00,0.00,0.00,NULL,NULL,NULL,34.7,53.28,37.37,38.48
0.00,0.00,0.00,0.00,NULL,NULL,NULL,4.13,14.97,0,0
0.00,0.00,0.00,0.00,NULL,NULL,NULL,22.5,28.42,25.57,27.67
0.00,0.00,0.00,0.00,NULL,NULL,NULL,34,49.57,37.92,32.25
0.00,0.00,0.00,0.00,NULL,NULL,NULL,11.15,27.88,5.05,11.57
0.00,0.00,0.00,0.00,NULL,NULL,NULL,26.37,20.58,20.82,11.83
0.00,0.00,0.00,0.00,NULL,NULL,NULL,11.85,19.6,9.22,14.12
0.00,0.00,0.00,0.00,NULL,NULL,NULL,16.9,17.25,31.15,22.22
0.00,0.00,0.00,0.00,NULL,NULL,NULL,60.5,68.9,64.45,63.58
0.00,0.00,0.00,0.00,NULL,NULL,NULL,11.3,16.87,26.9,12.7
0.00,0.00,0.00,0.00,NULL,NULL,NULL,21.07,36.67,58.02,74.05
0.00,0.00,0.00,0.00,NULL,NULL,NULL,52,67.25,52.95,51.05
0.00,0.00,0.00,0.00,NULL,NULL,NULL,20.67,38.43,27.52,6.7
0.00,0.00,0.00,0.00,NULL,NULL,NULL,12.48,39.57,22.23,17.6
0.00,0.00,0.00,0.00,NULL,NULL,NULL,55.7,51.87,45.5,44.35
0.00,0.00,0.00,0.00,NULL,NULL,NULL,43.32,50.6,52.82,43.55
0.00,0.00,0.00,0.00,NULL,NULL,NULL,29.25,36.85,42.1,17.25
0.00,0.00,0.00,0.00,NULL,NULL,NULL,9.3,24.05,12.7,4.97
0.00,0.00,0.00,0.00,NULL,NULL,NULL,18.17,27.67,42.75,16.6
0.00,0.00,0.00,0.00,NULL,NULL,NULL,10.57,21.12,13.7,14.02
0.00,0.00,0.00,0.00,NULL,NULL,NULL,41.9,40.8,43.8,10.93
0.00,0.00,0.00,0.00,NULL,NULL,NULL,41.58,59.68,40.57,32.22
0.00,0.00,0.00,0.00,NULL,NULL,NULL,72.95,103.72,53.93,57.42
0.00,0.00,0.00,0.00,NULL,NULL,NULL,23.55,45.22,46.87,39.9
0.00,0.00,0.00,0.00,NULL,NULL,NULL,34.87,42.55,32.43,51.13
0.00,0.00,0.00,0.00,NULL,NULL,NULL,52.5,69.53,63.97,33.05
0.00,0.00,0.00,0.00,NULL,NULL,NULL,6.68,28.73,7.25,12.67
0.00,0.00,0.00,0.00,NULL,NULL,NULL,33.95,30.87,8.35,0.45
0.00,0.00,0.00,0.00,NULL,NULL,NULL,50.15,68.53,52.2,37.33
0.00,0.00,0.00,0.00,NULL,NULL,NULL,29.65,46.67,36.6,36.72
0.00,0.00,0.00,0.00,NULL,NULL,NULL,26.3,37,36.3,36.13
0.00,0.00,0.00,0.00,NULL,NULL,NULL,36.33,42.13,29.77,17.5
0.00,0.00,0.00,0.00,NULL,NULL,NULL,43.45,56.62,39.82,34.37
0.00,0.00,0.00,0.00,NULL,NULL,NULL,36.53,37.73,41.9,43.53
0.00,0.00,0.00,0.00,NULL,NULL,NULL,61.8,80.03,74.03,61.7
0.00,0.00,0.00,0.00,NULL,NULL,NULL,19.72,21.82,18.1,17.4
0.00,0.00,0.00,0.00,NULL,NULL,NULL,12.57,15.98,20.82,12.42
0.00,0.00,0.00,0.00,NULL,NULL,NULL,18.87,25.07,14.62,29.43
0.00,0.00,0.00,0.00,NULL,NULL,NULL,51.8,63.3,29.97,25.85
0.00,0.00,0.00,0.00,NULL,NULL,NULL,51.52,66.27,61.98,43.25
0.00,0.00,0.00,0.00,NULL,NULL,NULL,11.32,22.48,13.93,11.23
0.00,0.00,0.00,0.00,NULL,NULL,NULL,7.53,0,0,0
0.00,0.00,0.00,0.00,NULL,NULL,NULL,22.68,19.52,65.87,21.3
0.00,0.00,0.00,0.00,NULL,NULL,NULL,36.97,0.2,1.22,39.68
0.00,0.00,0.00,0.00,NULL,NULL,NULL,69.55,116.37,136.05,107.82
0.00,0.00,0.00,0.00,NULL,NULL,NULL,24.78,22.38,42.3,27.48
0.00,0.00,0.00,0.00,NULL,NULL,NULL,97.82,148.7,120.48,77.62
0.00,0.00,0.00,0.00,NULL,NULL,NULL,39.43,80.37,37.72,39.18
0.00,0.00,0.00,0.00,NULL,NULL,NULL,15.88,17.28,24.65,20.87
0.00,0.00,0.00,0.00,NULL,NULL,NULL,79.55,124.18,88.58,31.98
0.00,0.00,0.00,0.00,NULL,NULL,NULL,43.12,90.38,47.48,39.27
0.00,0.00,0.00,0.00,NULL,NULL,NULL,80.67,27.7,27.08,33.08
0.00,0.00,0.00,0.00,NULL,NULL,NULL,47.18,75.92,26.23,49.8
0.00,0.00,0.00,0.00,NULL,NULL,NULL,59.75,127.78,88.43,76.23
0.00,0.00,0.00,0.00,NULL,NULL,NULL,77.13,104.27,71.95,48.55
0.00,0.00,0.00,0.00,NULL,NULL,NULL,15.57,47.02,52.88,65.22
0.00,0.00,0.00,0.00,NULL,NULL,NULL,11.85,92.03,70.13,40.87
0.00,0.00,0.00,0.00,NULL,NULL,NULL,52.55,105.28,80.88,42.35
0.00,0.00,0.00,0.00,NULL,NULL,NULL,35.1,51.3,55.97,34.42
0.00,0.00,0.00,0.00,NULL,NULL,NULL,77.28,70.68,77.23,70.27
0.00,0.00,0.00,0.00,NULL,NULL,NULL,0,0,0,0
0.00,0.00,0.00,0.00,NULL,NULL,NULL,34.42,26.73,33.88,33.65
0.00,0.00,0.00,0.00,NULL,NULL,NULL,46.27,0,0,0
0.00,0.00,0.00,0.00,NULL,NULL,NULL,27.53,43.63,30.4,30.3
0.00,0.00,0.00,0.00,NULL,NULL,NULL,56.2,64.75,44.77,43.2
0.00,0.00,0.00,0.00,NULL,NULL,NULL,78.77,82.98,71.4,64.53
0.00,0.00,0.00,0.00,NULL,NULL,NULL,117.6,122.87,123.85,82.8
0.00,0.00,0.00,0.00,NULL,NULL,NULL,56.68,100.43,64.1,47.72
0.00,0.00,0.00,0.00,NULL,NULL,NULL,52.25,61.98,60.35,46.22
0.00,0.00,0.00,0.00,NULL,NULL,NULL,73.47,69.07,72.23,51.8
0.00,0.00,0.00,0.00,NULL,NULL,NULL,48.43,47.57,84.83,64.07
0.00,0.00,0.00,0.00,NULL,NULL,NULL,59.9,129.27,71.9,77.13
0.00,0.00,0.00,0.00,NULL,NULL,NULL,62.92,49.15,20.9,0
0.00,0.00,0.00,0.00,NULL,NULL,NULL,49.9,123.02,62.37,35.6
0.00,0.00,0.00,0.00,NULL,NULL,NULL,59.32,79.63,75.13,0
0.00,0.00,0.00,0.00,NULL,NULL,NULL,0,37.63,0,0
0.00,0.00,0.00,0.00,NULL,NULL,NULL,17.77,74.38,21.98,24.72
0.00,0.00,0.00,0.00,NULL,NULL,NULL,24.92,0,0,0
0.00,0.00,0.00,0.00,NULL,NULL,NULL,0.97,0,0,0
0.00,0.00,0.00,0.00,NULL,NULL,NULL,45.15,53.42,52.67,46.58
0.00,0.00,0.00,0.00,NULL,NULL,NULL,16.97,44.55,53.6,42.95
0.00,0.00,0.00,0.00,NULL,NULL,NULL,48.9,136.17,63.2,55.88
0.00,0.00,0.00,0.00,NULL,NULL,NULL,28.63,65.75,32.43,17.52
0.00,0.00,0.00,0.00,NULL,NULL,NULL,42.02,44.18,46,43.53
0.00,0.00,0.00,0.00,NULL,NULL,NULL,42.73,79.38,67.43,54.8
0.00,0.00,0.00,0.00,NULL,NULL,NULL,101.92,113.52,99.13,103.97
0.00,0.00,0.00,0.00,NULL,NULL,NULL,83.9,79.1,2.88,1.35
0.00,0.00,0.00,0.00,NULL,NULL,NULL,70.72,97.62,76.77,86.45
0.00,0.00,0.00,0.00,NULL,NULL,NULL,41.12,63.82,43.77,36.93
0.00,0.00,0.00,0.00,NULL,NULL,NULL,113.47,130,132.48,96.52
0.00,0.00,0.00,0.00,NULL,NULL,NULL,8.6,74.97,31.57,88.2
0.00,0.00,0.00,0.00,NULL,NULL,NULL,4.13,43,11.65,35.5
0.00,0.00,0.00,0.00,NULL,NULL,NULL,56.83,64.75,58.98,45.83
0.00,0.00,0.00,0.00,NULL,NULL,NULL,78.38,63.88,73.33,63.8
0.00,0.00,0.00,0.00,NULL,NULL,NULL,0,0,0,0
0.00,0.00,0.00,0.00,NULL,NULL,NULL,82.85,97.67,71.15,60.17
0.00,0.00,0.00,0.00,NULL,NULL,NULL,57.97,118.9,51.67,49.85
0.00,0.00,0.00,0.00,NULL,NULL,NULL,41.02,80.5,31,38.45
0.00,0.00,0.00,0.00,NULL,NULL,NULL,38.07,72.03,32.12,35.9
0.00,0.00,0.00,0.00,NULL,NULL,NULL,26.5,41.15,36.92,32.83
0.00,0.00,0.00,0.00,NULL,NULL,NULL,48.07,68.08,50.43,48.77
0.00,0.00,0.00,0.00,NULL,NULL,NULL,36.28,76.03,53.55,79.02
0.00,0.00,0.00,0.00,NULL,NULL,NULL,24.28,92.75,49.3,77.27
0.00,0.00,0.00,0.00,NULL,NULL,NULL,64.8,105.02,69.98,57.8
0.00,0.00,0.00,0.00,NULL,NULL,NULL,24.52,71.72,30.17,20.42
0.00,0.00,0.00,0.00,NULL,NULL,NULL,71.83,100.68,95.87,56.8
0.00,0.00,0.00,0.00,NULL,NULL,NULL,27.78,26.35,22.92,21.82
0.00,0.00,0.00,0.00,NULL,NULL,NULL,28.33,84.92,30.28,25.88
0.00,0.00,0.00,0.00,NULL,NULL,NULL,87.35,118.95,90.27,74.32
0.00,0.00,0.00,0.00,NULL,NULL,NULL,66.33,70.42,68.97,8.73
0.00,0.00,0.00,0.00,NULL,NULL,NULL,72,95.87,63.17,39.57
0.00,0.00,0.00,0.00,NULL,NULL,NULL,58.3,87.78,61.45,37.38
0.00,0.00,0.00,0.00,NULL,NULL,NULL,36.95,41.97,41.72,33.98
0.00,0.00,0.00,0.00,NULL,NULL,NULL,29.67,42.4,75.53,21.8
0.00,0.00,0.00,0.00,NULL,NULL,NULL,0,0,0,0
0.00,0.00,0.00,0.00,NULL,NULL,NULL,27.93,4.13,0,0
0.00,0.00,0.00,0.00,NULL,NULL,NULL,67.58,97.9,53.03,56.23
0.00,0.00,0.00,0.00,NULL,NULL,NULL,0,0,0,0
0.00,0.00,0.00,0.00,NULL,NULL,NULL,49.78,51.77,65.47,39.82
0.00,0.00,0.00,0.00,NULL,NULL,NULL,38.47,59.1,52,51.53
0.00,0.00,0.00,0.00,NULL,NULL,NULL,0,0,0,0
0.00,0.00,0.00,0.00,NULL,NULL,NULL,120.23,135.48,119.95,54.78
0.00,0.00,0.00,0.00,NULL,NULL,NULL,27.05,39.23,20.53,34.48
0.00,0.00,0.00,0.00,NULL,NULL,NULL,29.23,36.85,32.35,23.07
0.00,0.00,0.00,0.00,NULL,NULL,NULL,69.3,133.67,79.2,70.93
0.00,0.00,0.00,0.00,NULL,NULL,NULL,43.25,104.07,58.58,34.95
0.00,0.00,0.00,0.00,NULL,NULL,NULL,84.48,129.03,87.8,63.85
0.00,0.00,0.00,0.00,NULL,NULL,NULL,0,0,0,0
0.00,0.00,0.00,0.00,NULL,NULL,NULL,47.4,48.75,47.5,45.15
0.00,0.00,0.00,0.00,NULL,NULL,NULL,73.67,147.22,94.8,72.83
0.00,0.00,0.00,0.00,NULL,NULL,NULL,23.48,36.7,34.93,19.65
0.00,0.00,0.00,0.00,NULL,NULL,NULL,28.58,66.23,28.03,29.52
0.00,0.00,0.00,0.00,NULL,NULL,NULL,58.05,28.8,0.73,11.58
0.00,0.00,0.00,0.00,NULL,NULL,NULL,55.62,75.58,72.73,50.58
0.00,0.00,0.00,0.00,NULL,NULL,NULL,74.32,98.1,94.53,52.98
0.00,0.00,0.00,NULL,NULL,NULL,NULL,39.22,65.52,36.08,39.22
0.00,0.00,0.00,NULL,NULL,NULL,NULL,12.03,33.35,55.57,51.47
0.00,0.00,0.00,NULL,NULL,NULL,NULL,25.68,43.3,42.37,46.88
0.00,0.00,0.00,NULL,NULL,NULL,NULL,23.93,28.07,22.88,36.52
0.00,0.00,0.00,NULL,NULL,NULL,NULL,40.87,65.5,37.18,30.4
0.00,0.00,0.00,NULL,NULL,NULL,NULL,37.23,52.43,39.35,36.55
0.00,0.00,0.00,NULL,NULL,NULL,NULL,43.83,45.45,48.83,40.3
0.00,0.00,0.00,NULL,NULL,NULL,NULL,24.63,37.52,27.28,30.4
0.00,0.00,0.00,NULL,NULL,NULL,NULL,30.28,38.97,30.37,19.67
0.00,0.00,0.00,NULL,NULL,NULL,NULL,3.22,0.35,25.93,12.7
0.00,0.00,0.00,NULL,NULL,NULL,NULL,74.35,81.98,60.97,74.8
0.00,0.00,0.00,NULL,NULL,NULL,NULL,7.25,14.2,6.57,8.85
0.00,0.00,0.00,NULL,NULL,NULL,NULL,55.63,69.03,61.75,25.62
0.00,0.00,0.00,NULL,NULL,NULL,NULL,22.43,25.4,16.95,22.3
0.00,0.00,0.00,NULL,NULL,NULL,NULL,17.97,31.73,12.4,21.82
0.00,0.00,0.00,NULL,NULL,NULL,NULL,17.17,30.93,21.02,13.4
0.00,0.00,0.00,NULL,NULL,NULL,NULL,12.13,22.05,31.27,19.33
0.00,0.00,0.00,NULL,NULL,NULL,NULL,70.08,55,70.3,58.18
0.00,0.00,0.00,NULL,NULL,NULL,NULL,49.93,51.75,42.55,37.78
0.00,0.00,0.00,NULL,NULL,NULL,NULL,18.82,81.5,40.38,46.07
0.00,0.00,0.00,NULL,NULL,NULL,NULL,65.8,57.72,78.37,60.33
0.00,0.00,0.00,NULL,NULL,NULL,NULL,17.2,27.12,38.63,17.08
0.00,0.00,0.00,NULL,NULL,NULL,NULL,19.92,22.6,20.98,13
0.00,0.00,0.00,NULL,NULL,NULL,NULL,19.95,25.23,14.37,11.52
0.00,0.00,0.00,NULL,NULL,NULL,NULL,71.4,101.52,71,59.67
0.00,0.00,0.00,NULL,NULL,NULL,NULL,7.2,13.58,15.68,15.25
0.00,0.00,0.00,NULL,NULL,NULL,NULL,66.08,112.23,70.45,85.48
0.00,0.00,0.00,NULL,NULL,NULL,NULL,38.6,63.42,38.83,42.07
0.00,0.00,0.00,NULL,NULL,NULL,NULL,84.42,51.72,52.83,47.55
0.00,0.00,0.00,NULL,NULL,NULL,NULL,40.67,84.58,67.77,30.32
0.00,0.00,0.00,NULL,NULL,NULL,NULL,77.15,82.63,81.35,66.78
0.00,0.00,0.00,NULL,NULL,NULL,NULL,13.02,21.63,10.43,5.5
0.00,0.00,0.00,NULL,NULL,NULL,NULL,9.95,21.18,14.15,11.8
0.00,0.00,0.00,NULL,NULL,NULL,NULL,10.43,19.27,27.35,16.77
0.00,0.00,0.00,NULL,NULL,NULL,NULL,11.83,18.57,25.23,15.05
0.00,0.00,0.00,NULL,NULL,NULL,NULL,9.25,17.23,18.95,15.57
0.00,0.00,0.00,NULL,NULL,NULL,NULL,12.62,63.27,18.62,5.92
0.00,0.00,0.00,NULL,NULL,NULL,NULL,8.02,11.03,19.28,7.52
0.00,0.00,0.00,NULL,NULL,NULL,NULL,0.68,2.05,0.77,158.17
0.00,0.00,0.00,NULL,NULL,NULL,NULL,16.83,20.48,26.25,22.7
0.00,0.00,0.00,NULL,NULL,NULL,NULL,1.57,14.92,17.9,1.65
0.00,0.00,0.00,NULL,NULL,NULL,NULL,7.88,12.02,18.3,10.52
0.00,0.00,0.00,NULL,NULL,NULL,NULL,14.15,11.37,13,7.97
0.00,0.00,0.00,NULL,NULL,NULL,NULL,6.15,14.83,4.78,2.3
0.00,0.00,0.00,NULL,NULL,NULL,NULL,17.75,46.18,27.28,24.32
0.00,0.00,0.00,NULL,NULL,NULL,NULL,43.02,36.7,29.48,46.82
0.00,0.00,0.00,NULL,NULL,NULL,NULL,26.28,23.92,29.02,21.63
0.00,0.00,0.00,NULL,NULL,NULL,NULL,23.72,17.07,7.28,13.35
0.00,0.00,0.00,NULL,NULL,NULL,NULL,20.53,30.3,31.58,20.15
0.00,0.00,0.00,NULL,NULL,NULL,NULL,59.92,77.35,59.68,59.67
0.00,0.00,0.00,NULL,NULL,NULL,NULL,87.6,102.85,103.15,17.45
0.00,0.00,0.00,NULL,NULL,NULL,NULL,20.08,21.72,24.43,12.08
0.00,0.00,0.00,NULL,NULL,NULL,NULL,22.5,21.6,8.73,20.13
0.00,0.00,0.00,NULL,NULL,NULL,NULL,138.18,99.2,134.88,35.18
0.00,0.00,0.00,NULL,NULL,NULL,NULL,18.5,12.88,21.68,18.55
0.00,0.00,0.00,NULL,NULL,NULL,NULL,73.4,79.18,64.53,45.97
0.00,0.00,0.00,NULL,NULL,NULL,NULL,110.6,157.22,67.25,0
0.00,0.00,0.00,NULL,NULL,NULL,NULL,30.03,34.08,27.58,6.53
0.00,0.00,0.00,NULL,NULL,NULL,NULL,0.33,0.33,20.73,41.58
NULL,55.55,55.55,12.82,NULL,NULL,NULL,91.73,77.88,0,0
NULL,41.32,41.32,99.07,NULL,NULL,NULL,146.55,114.32,66.85,109.22
NULL,NULL,NULL,NULL,NULL,NULL,NULL,46.1,42.52,48.48,48.4
37.47,44.63,44.63,42.9,NULL,NULL,NULL,NULL,NULL,100.78,100.07
NULL,NULL,NULL,NULL,NULL,NULL,NULL,27.47,74.02,53.92,42.47
NULL,NULL,NULL,NULL,NULL,NULL,NULL,48.43,76.08,79.25,49.75
NULL,NULL,NULL,NULL,NULL,NULL,NULL,0,0,0,0
NULL,NULL,NULL,NULL,NULL,NULL,NULL,0,0,0,0
NULL,NULL,NULL,NULL,NULL,NULL,NULL,0,0,0,0
NULL,NULL,NULL,NULL,NULL,NULL,NULL,0,0,0,0
NULL,NULL,NULL,NULL,NULL,NULL,NULL,11.22,0,0,0
NULL,NULL,NULL,NULL,NULL,NULL,NULL,0,0,0,0
NULL,NULL,NULL,NULL,NULL,NULL,NULL,0,0,0,0
0,0,0,36.47,NULL,NULL,NULL,0,0,0,0
NULL,NULL,NULL,NULL,NULL,NULL,NULL,0,0,0,0
NULL,NULL,NULL,NULL,NULL,NULL,NULL,0,0,0,0
NULL,NULL,NULL,NULL,NULL,NULL,NULL,0,0,0,0
NULL,NULL,NULL,NULL,NULL,NULL,NULL,0,0,0,0
NULL,NULL,NULL,NULL,NULL,NULL,NULL,0,0,0,0
NULL,NULL,NULL,NULL,NULL,NULL,NULL,0,0,0,0
67.42,46.1,46.1,0,NULL,NULL,NULL,0,0,0,0
0,0,0,0,NULL,NULL,NULL,0,0,0,0
26.58,35.25,35.25,11.2,NULL,NULL,NULL,0,0,0,0
57.58,27.72,27.72,0.43,NULL,NULL,NULL,0.05,0,0,0
